GiftCnt36,GiftCntAll,GiftCntCard36,GiftCntCardAll,GiftAvgLast,GiftAvg36,GiftAvgAll,GiftTimeLast,GiftTimeFirst,PromCnt12,PromCnt36,PromCntAll,PromCntCard12,PromCntCard36,PromCntCardAll,DemMedHomeValue,DemPctVeterans,DemMedIncome
3,12,3,8,10,8.67,8.5,9,93,14,22,44,2,6,16,139200,27,38942
3,11,2,9,11,10.33,8.27,22,102,11,21,45,5,10,22,253100,0,92514
2,13,1,8,13.11,9.06,3.93,19,75,7,15,29,2,6,13,134400,41,0
4,9,3,7,7,5.5,5.22,21,44,6,14,19,2,6,8,62500,28,0
1,20,1,8,25,36,26.95,18,105,21,39,101,6,17,30,51500,37,44947
1,1,1,1,15,15,15,19,19,7,11,10,2,4,4,218900,26,0
2,12,1,6,12,11,6.08,20,112,15,34,69,6,14,28,52900,35,53400
2,2,1,1,20,17.5,17.5,18,23,12,24,21,6,12,10,107100,32,77654
2,14,0,4,13,11,7.21,21,86,12,30,59,5,5,23,68300,31,43756
8,21,6,12,9,7.25,9.24,4,75,25,46,88,11,21,32,86000,35,51338
5,18,3,13,8,7.6,5.67,16,130,11,30,70,6,16,30,43900,43,28618
1,1,1,1,15,15,15,19,19,10,16,14,4,7,6,74400,42,41736
3,13,2,10,10,10,8.92,20,110,13,30,57,6,13,23,57600,19,0
11,38,7,23,5,5.09,4.97,15,127,14,34,83,7,18,34,66900,40,42537
4,20,3,11,10,11.25,7.85,18,109,6,14,43,2,6,19,93700,44,0
6,28,4,17,10,10.5,8.75,16,126,15,35,86,6,17,34,78600,18,82719
4,5,2,2,6,6.75,6.6,15,24,13,22,21,5,9,8,124500,27,0
3,17,3,9,10,6.67,6.71,18,63,13,33,61,5,15,21,62100,19,40308
4,5,2,3,10,13,15.4,15,44,14,35,43,6,16,16,54200,32,43084
1,4,1,3,20,20,11.25,17,53,14,31,38,6,14,15,106400,25,53635
3,4,3,3,11,11,9.75,16,27,13,27,27,6,13,11,85300,14,65546
9,22,7,11,15,13.33,11.55,4,112,30,50,102,11,22,41,161800,30,84071
2,7,1,4,21,21,12.43,17,87,15,33,59,6,14,23,77000,30,43231
9,28,7,19,5,5,5,17,92,13,30,62,6,17,27,48700,27,33629
4,18,0,8,10,8.25,6.44,15,130,14,34,75,6,6,31,41200,14,27259
3,4,3,3,8,6,7,16,29,12,25,24,6,12,10,87000,30,46776
4,6,1,1,10,6.25,6.67,18,40,13,33,35,6,15,14,63500,26,50251
5,11,4,6,14,11.6,9.09,17,87,14,35,57,6,17,23,50600,36,45282
5,15,5,10,10,8.2,6.53,18,62,14,36,52,6,17,21,107000,32,0
2,6,1,4,20,20,14.5,16,87,13,34,60,6,16,23,112800,32,92715
1,1,1,1,20,20,20,17,17,10,15,13,4,6,5,51900,24,36337
2,9,1,5,25,20,10.89,20,128,13,35,63,6,17,29,55200,34,43669
4,5,2,3,12,13.25,11.6,18,41,15,35,38,6,15,14,81600,42,44986
3,9,1,5,10,11.33,11.33,17,81,13,31,57,6,13,20,53800,33,41976
2,24,0,6,26,27.5,20.17,5,126,25,42,101,4,4,28,51000,51,40364
2,3,2,3,15,12.5,15,15,24,6,11,10,2,5,5,53700,43,0
3,4,2,2,19,14.33,12,15,44,12,28,35,3,10,12,51700,27,46573
2,2,0,0,25,17.5,17.5,19,27,13,27,24,6,6,11,56200,23,41391
3,8,1,4,30,23.33,17.63,17,80,13,34,60,6,16,23,128500,28,90527
6,7,3,3,7,5.67,5.29,18,40,13,33,33,6,15,14,63200,44,44357
4,4,3,3,14,12,12,17,35,12,26,26,6,14,12,94900,34,45690
3,3,2,2,25,25.67,25.67,16,23,14,22,20,6,10,8,40300,21,31294
5,13,2,8,7,7.4,7.23,15,99,11,26,54,5,11,23,142700,58,66263
4,41,2,24,9,10,8.68,23,112,4,12,44,2,6,20,107000,43,0
2,2,2,2,15,12.5,12.5,20,24,6,11,11,2,5,5,55000,31,0
3,9,1,6,14,14,9.78,19,113,16,35,63,6,14,26,90300,36,51649
3,3,1,1,20,14,14,21,32,13,27,26,6,13,11,149100,37,0
3,4,3,3,19,18,15.75,21,37,12,30,31,6,15,13,73800,39,65734
5,12,4,8,11,10,8.5,17,67,13,32,50,6,17,22,50400,40,29144
4,20,3,9,10,10,9.6,10,102,37,56,109,6,16,30,40400,34,34398
4,15,1,9,13,12,8.53,18,107,13,35,69,6,17,28,97400,56,0
5,6,3,3,5,4.8,5,18,33,13,30,29,6,14,12,50400,25,35515
5,14,3,7,10,10.4,12.21,20,89,13,33,67,6,17,26,63100,30,47156
1,1,1,1,15,15,15,23,23,8,18,16,3,7,6,66800,32,40184
5,9,3,6,10,16.2,12.22,15,75,16,36,56,6,15,20,51700,30,37049
8,11,4,4,7,7.63,7,15,40,13,31,34,6,16,15,86300,48,0
2,18,1,13,10,10,8.78,24,130,12,30,73,4,11,28,67800,46,0
7,31,5,14,10,10,6,22,129,22,42,110,9,19,44,47500,30,0
2,13,0,8,10,10,6.92,20,126,7,21,62,3,3,25,52500,28,45627
2,3,1,1,25,17.5,20,17,29,14,29,27,6,14,12,49800,28,39725
2,16,1,11,10,10,6.88,23,128,10,29,71,4,12,30,49800,21,45536
5,10,2,5,8,8,7.5,18,113,12,31,52,6,14,23,54300,36,41125
3,11,3,8,13,11,10.36,17,105,13,32,63,6,15,27,48100,32,34388
3,7,1,3,20,18,14.57,18,76,14,35,58,6,16,22,52900,27,36151
1,12,0,5,25,25,15.5,5,123,15,37,74,6,6,32,70100,40,41358
2,11,1,7,15,12,9.91,26,110,10,20,39,4,9,19,82400,37,43304
1,1,1,1,20,20,20,26,26,7,19,16,3,8,7,82400,37,0
2,18,0,9,38,38,27.28,26,119,13,35,80,5,5,31,109500,38,49451
2,19,2,12,10,20.5,10.11,16,121,27,40,82,5,14,31,104400,45,49656
2,20,2,13,12,11,9.95,21,124,13,32,77,6,15,30,44400,31,35945
3,16,1,8,5,5,5.06,8,119,17,35,72,6,14,30,68000,30,32465
3,3,1,1,10,10,10,18,24,12,23,21,6,11,9,51400,28,45878
11,31,6,14,3,4.18,3.36,7,128,16,37,74,7,18,31,62000,30,41952
2,18,1,13,10,10,4.94,15,125,11,28,72,3,10,28,53600,24,31140
1,14,1,12,10,10,9.57,17,129,7,12,37,3,7,20,101500,47,56392
2,3,2,2,10,7.5,7,16,20,6,9,9,2,4,4,101500,47,0
1,6,0,3,20,20,12.83,25,111,9,27,60,4,4,25,81000,28,71568
3,6,2,2,10,14,12,18,35,13,31,31,6,15,13,76100,45,55068
4,23,1,12,20,15.75,14.36,18,85,2,9,27,1,4,14,55000,17,0
4,5,2,2,15,8,9.4,17,32,13,29,27,6,13,11,68800,33,57930
3,5,2,2,20,18.67,19.6,20,44,13,35,42,6,17,17,49000,27,40705
3,12,2,8,10,9.33,7.25,22,88,13,33,60,6,16,24,86900,30,49025
5,16,3,8,14,10.8,9.06,18,80,15,34,62,6,17,25,38100,34,40049
3,22,2,7,18,20,13.91,18,130,34,54,116,6,17,33,39900,28,36977
3,6,1,2,25,14,13.17,18,42,13,33,33,6,15,14,68900,51,26328
2,2,2,2,15,12.5,12.5,17,30,11,20,17,4,9,8,72800,43,0
1,2,1,2,16,16,13,21,45,10,24,29,4,9,10,108200,28,67067
4,11,4,8,10,7.75,7.18,17,97,13,28,63,6,15,24,44100,20,52847
3,13,2,7,16,12,8.77,23,128,12,33,67,6,16,31,78100,46,41794
2,5,0,2,20,20,12.2,18,68,13,33,47,6,6,18,38300,5,41794
4,32,3,12,7,7.5,6.84,8,105,37,53,122,7,15,31,59800,20,40235
6,8,3,4,5,5,5,18,45,14,31,36,6,15,15,71400,18,34814
2,14,1,10,30,25,12.29,16,126,12,31,75,5,15,32,83200,35,43508
6,30,4,20,6,5.83,5.77,17,112,5,13,44,1,5,18,91800,38,0
2,6,1,4,15,12.5,8.5,18,89,13,30,50,4,11,18,35500,32,46891
5,17,4,11,22,22.2,14.82,17,104,15,35,76,6,16,31,60800,33,0
2,8,1,5,25,25,21.5,20,124,13,33,70,6,17,30,46800,29,37808
5,20,1,11,3,4.6,4.9,19,126,9,28,68,4,12,29,42000,27,40000
2,7,0,2,20,15,10.43,26,87,10,31,59,5,5,22,40000,29,37591
1,1,1,1,20,20,20,24,24,7,17,15,3,7,6,47400,24,43787
10,42,6,19,5,5.2,5.07,19,115,11,31,77,5,16,32,48200,26,39731
6,30,4,17,4,4.17,3.97,18,131,10,29,70,5,15,30,49900,38,40155
3,3,2,2,20,16.67,16.67,17,24,16,27,25,6,11,9,40700,16,0
7,11,3,5,6,6.43,5.91,16,45,12,34,39,6,17,17,121600,25,59691
1,1,1,1,15,15,15,17,17,10,15,13,4,6,5,80400,30,58723
2,4,2,2,15,15,11.5,22,52,11,30,42,5,13,15,89400,23,65894
3,3,2,2,32,32.33,32.33,19,29,13,27,26,6,13,11,127600,29,57094
4,7,2,4,10,11.5,9,19,53,9,24,35,4,11,13,103400,24,0
6,6,2,2,12,11,11,18,33,15,33,31,6,14,12,62900,18,81378
4,6,3,4,6,10.75,9,17,40,13,30,33,6,15,14,171700,19,59717
6,11,4,8,15,17.67,15.09,17,69,14,35,57,6,17,22,127100,28,0
2,22,2,14,15,14,10.82,24,129,11,31,76,6,15,32,79400,41,37290
0,1,0,0,25,0,25,22,22,10,10,16,4,4,6,91400,38,67625
2,4,0,2,50,37.5,23.75,18,69,13,28,46,6,6,17,116600,0,78798
1,1,1,1,15,15,15,21,21,8,15,13,3,6,5,56200,24,0
2,2,2,2,30,20,20,16,27,13,27,23,6,13,11,50300,25,0
4,21,4,14,11,10.75,6.38,17,128,16,32,75,6,15,29,75600,19,53272
1,6,0,4,20,20,9.17,26,116,9,28,55,4,4,23,44200,28,0
3,16,1,7,12,11.33,8,19,114,12,32,74,5,14,31,101000,31,54898
1,3,1,2,25,20,20,6,19,24,28,26,9,11,10,91600,19,45932
1,3,0,2,15,15,11.67,18,57,12,27,38,4,4,13,80300,29,45932
5,6,3,3,6,5.4,5.17,19,29,13,26,24,6,12,10,74500,12,50350
1,5,0,2,25,25,9.8,26,81,10,29,48,5,5,18,89600,36,43621
9,33,7,18,5,5.56,5.27,17,121,14,33,82,6,17,33,307700,30,70971
2,10,2,8,19,19,15.1,22,92,12,33,62,6,16,26,330600,36,0
7,13,5,6,7,5.43,4.92,16,44,15,36,41,6,17,17,50700,34,36955
6,14,3,6,3,4.5,4.43,18,79,11,28,55,6,15,21,57100,27,42875
2,16,2,6,12,11,5.81,17,86,13,33,63,6,15,24,71800,31,37561
3,7,1,2,15,13.67,11.86,16,63,13,33,49,6,15,18,52300,24,41277
1,1,1,1,15,15,15,17,17,11,16,14,4,6,5,80300,20,0
3,8,1,4,26,23.67,17.38,18,67,16,35,55,6,17,22,92000,30,0
3,14,1,10,6,9.33,5.57,17,116,9,23,58,4,10,22,50800,43,36294
5,18,1,5,8,8,8.17,18,65,13,34,53,6,16,22,45300,40,0
1,14,0,7,17,17,9.64,26,113,9,26,66,4,4,25,59300,25,36263
1,1,1,1,20,20,20,24,24,7,17,15,3,7,6,148300,28,61802
1,14,0,6,50,50,20.43,18,111,13,33,74,6,6,31,62900,76,39625
2,7,1,5,6,13,9,19,104,13,30,55,6,13,23,35900,0,0
1,2,1,1,16,16,13,24,33,9,25,24,4,11,10,67900,33,54456
1,1,1,1,25,25,25,17,17,12,17,14,5,7,6,35100,43,29054
3,18,1,10,10,10,5.44,15,105,12,30,69,5,13,26,32300,45,0
2,3,2,2,15,12.5,9.67,24,33,9,27,28,4,12,11,47500,27,34643
2,18,0,11,9,12,4.89,16,126,13,32,74,6,6,32,67100,0,0
4,5,2,2,7,6.75,6.6,22,32,13,30,28,6,14,12,55500,44,42797
1,5,0,1,21,21,15.2,25,67,11,32,50,6,6,21,98500,37,54217
3,6,2,5,22,22.33,18.5,20,77,15,32,54,6,14,20,151300,35,92425
0,1,0,0,25,0,25,19,19,10,10,12,4,4,4,154800,44,92425
3,14,1,5,6,13.33,8,18,79,24,38,60,4,11,16,73900,38,48418
6,17,5,14,5,5.33,4.76,21,105,11,28,66,5,14,26,82500,64,46476
3,5,2,2,20,20,16.4,18,40,13,35,40,6,17,16,81400,44,42391
6,14,4,7,11,13.83,12.21,20,80,17,35,69,6,16,27,85600,51,42391
3,3,2,2,10,11.67,11.67,19,29,12,27,25,6,13,11,107300,38,49601
1,6,0,3,37,37,23.83,18,92,13,32,62,6,6,23,53300,35,0
5,10,1,1,12,12.8,10.7,18,40,28,49,53,6,16,16,36800,34,26487
1,2,0,1,15,15,15,18,41,10,26,28,4,4,11,54600,46,40504
2,5,2,3,15,17.5,12.2,16,53,13,32,41,6,14,15,69500,40,47318
2,21,1,11,10,10,10.19,15,110,12,31,74,5,13,27,85200,40,47318
4,16,2,7,11,11.25,9.81,16,124,14,36,76,6,17,32,75400,38,0
5,16,2,9,8,6.6,6.25,17,102,12,34,66,6,17,29,67100,41,60541
1,11,0,4,3,20,14.09,9,104,14,35,69,6,6,27,62500,33,50554
2,11,2,7,15,12.5,4.55,17,79,10,17,31,5,10,14,135200,45,66839
2,13,0,7,11,10.5,8.54,19,74,13,34,57,6,6,23,70200,26,66839
11,30,6,14,7,7.36,6.73,4,56,18,37,58,7,17,22,92300,28,0
3,7,0,4,15,15,14.57,18,90,13,32,58,6,6,24,56300,50,42862
4,6,2,2,10,7.25,7.5,17,32,15,33,32,6,15,13,34100,36,35000
7,10,6,7,6,5.43,4.9,17,41,13,32,35,6,16,15,80100,53,44775
4,15,3,6,20,20,17.87,22,97,14,36,69,6,17,27,71700,36,45466
2,21,0,7,14,14,11.48,18,126,8,17,57,3,3,23,83700,39,41005
8,15,5,12,15,19,19.67,15,105,14,34,69,6,16,29,83500,45,49337
2,9,1,5,15,18,12.22,18,76,13,34,57,6,16,22,114500,28,56282
5,13,3,5,15,19,13.46,24,86,7,23,48,4,12,18,75600,47,0
2,5,1,4,15,15,15.4,23,51,12,23,24,6,12,13,70500,42,40364
7,11,4,7,15,20.71,20,15,57,15,35,53,6,17,21,167500,41,67326
4,14,3,9,10,10.5,7.64,18,105,12,31,63,5,15,27,64000,29,46394
3,4,2,3,17,15.67,13,17,44,13,30,34,6,15,15,135700,33,68639
3,16,2,12,32,24,20.88,18,121,13,35,80,6,17,33,139500,32,0
2,14,0,5,10,10,6.64,18,128,9,23,42,3,3,16,354200,26,0
1,4,0,2,20,20,12.25,17,64,12,27,43,6,6,15,83300,41,49287
2,10,2,8,20,20,20,20,128,11,27,67,4,11,28,102800,46,53710
2,7,0,3,25,22.5,17.14,18,52,13,34,44,6,6,18,62500,37,38082
8,31,6,19,5,5.25,4.26,17,103,12,30,70,6,17,30,85300,49,49725
2,12,1,8,14,13,7.67,25,129,9,25,61,4,11,26,57500,28,34796
8,13,5,10,14,12.5,12.08,17,56,14,34,51,6,17,21,54600,27,45763
0,9,0,4,0,0,18.33,4,113,30,30,93,5,5,26,130500,48,52936
1,3,0,1,25,25,15,17,44,15,31,35,6,6,13,95700,65,58016
2,3,2,2,10,22.5,18.33,16,24,13,23,22,6,11,9,156900,56,68845
5,14,3,7,10,8.4,7.29,19,104,13,35,67,6,17,27,425900,61,110149
6,20,4,11,15,13.5,11.1,17,89,16,36,71,6,17,26,88500,40,41444
5,5,2,2,25,24,24,19,33,12,30,30,6,15,13,363700,34,34619
2,7,1,3,12,12,7.14,16,66,13,23,38,6,10,15,225000,33,34619
1,4,0,2,50,50,25,18,89,15,28,51,6,6,19,93400,5,31141
1,2,1,2,15,15,12.5,21,41,10,26,30,4,10,10,72400,35,46301
8,21,5,12,6,4.25,3.86,18,80,13,34,60,6,17,25,74200,30,61743
2,11,0,3,12,9.5,8.82,16,53,29,47,63,6,6,16,58600,19,31314
4,8,3,5,10,9.25,7.88,15,75,15,33,41,6,14,16,138000,13,49513
7,24,4,13,7,5.29,5.25,5,63,21,40,60,6,16,22,55000,13,40210
1,5,1,2,25,25,18,20,57,16,32,64,6,12,13,130700,35,61523
5,23,3,12,4,6.2,3.96,15,125,11,29,63,4,12,25,77500,33,49180
1,1,0,0,25,25,25,15,15,9,11,11,3,3,4,80100,29,41764
1,1,1,1,20,20,20,16,16,12,17,14,5,7,6,82500,0,0
2,7,1,5,25,22.5,15.29,20,78,13,31,52,6,13,20,90600,20,0
2,2,1,1,25,14,14,18,29,13,21,18,6,10,8,198700,22,27206
3,19,2,12,10,10.67,10.68,17,124,16,35,84,8,18,34,170100,27,0
4,6,2,3,20,12.5,10.5,17,45,13,34,40,6,16,16,87900,13,35498
2,4,2,3,15,13,10,24,50,11,26,38,5,11,14,163100,0,0
5,18,3,13,10,5.6,4.72,18,128,13,33,68,6,17,30,74700,39,42523
3,27,3,13,10,10,8.3,6,123,29,49,101,6,16,35,125800,26,62830
5,17,3,12,2,4,3.12,17,88,12,28,56,5,12,21,109800,30,41607
7,12,5,6,3,3.14,2.92,17,41,26,43,51,6,15,16,308300,31,41607
5,10,3,5,8,6.6,5.5,19,44,12,31,38,6,16,16,145800,39,62781
1,11,0,7,20,20,14.82,26,113,10,31,68,5,5,27,114400,27,46777
1,5,0,2,26,26,16,16,76,11,28,46,5,5,18,197900,31,38906
5,26,4,16,7,8.4,9.58,22,124,13,32,77,6,16,31,133200,38,68869
2,8,2,4,20,15,9.25,16,68,14,31,54,6,14,19,109300,37,59874
7,8,4,4,5,4.43,4.25,17,29,12,25,25,6,12,10,109300,37,59874
7,24,5,9,15,13.14,11.46,17,110,30,48,98,6,17,33,55300,23,42295
3,12,3,9,20,18,11.67,25,130,11,31,62,6,17,30,118700,46,42429
4,19,2,9,24,24.5,17.89,16,106,4,12,40,2,6,19,72000,0,0
2,13,1,7,10,11,9.54,18,105,13,33,69,6,15,25,96500,43,44404
6,12,5,8,15,14,12.33,19,53,13,33,47,6,17,19,89700,29,43310
4,18,1,13,8,7.75,6.06,15,127,9,24,57,4,10,23,90800,24,43310
4,8,3,7,10,6.25,5.38,16,53,14,33,44,6,14,17,235700,21,64434
5,6,1,2,7,6.2,5.67,18,41,12,27,25,6,12,11,80300,34,0
5,14,3,6,13,12,9.43,19,77,13,34,59,6,16,23,55600,35,48602
5,7,2,3,12,11.4,9.86,17,44,15,33,37,6,15,15,150300,31,0
2,14,2,11,10,14,8.79,22,130,12,31,73,6,16,31,76800,44,59625
2,2,0,0,15,10,10,20,32,10,22,23,4,4,7,46700,36,40993
1,1,0,0,15,15,15,20,20,10,16,15,4,4,5,46700,36,47060
6,23,3,15,5,5,4.91,15,130,7,27,73,4,14,31,164200,43,53046
1,11,0,5,5,5,5.73,5,92,24,41,70,4,4,17,74200,49,43877
6,14,4,9,10,9.67,8.5,19,89,13,35,62,6,17,25,91700,38,50524
5,8,4,5,6,9.8,8.38,16,52,7,15,23,2,6,9,86500,0,0
1,1,1,1,25,25,25,23,23,10,20,19,4,8,7,117200,38,0
2,2,2,2,15,12.5,12.5,16,31,11,25,22,4,10,9,0,0,0
3,3,1,1,11,7.67,7.67,15,23,11,18,16,5,8,7,81700,28,0
6,10,4,5,5,6.33,5.6,18,53,12,30,37,6,16,16,40000,38,34341
4,16,3,9,10,9.25,5.94,15,105,6,22,55,3,11,23,69500,17,34943
4,6,4,4,5,7.5,6.67,18,33,12,28,28,6,15,13,68000,40,32263
4,4,2,2,14,8.75,8.75,18,27,16,29,27,6,12,10,41900,16,34330
1,1,1,1,20,20,20,21,21,11,18,16,4,7,6,82400,63,46780
2,3,0,1,17,12,9.67,26,52,11,24,34,4,4,11,44000,17,38632
2,7,1,2,20,20,15.57,16,104,15,35,60,6,15,21,94400,37,38632
3,3,3,3,17,14,14,17,33,12,30,28,6,14,12,138500,39,49147
1,4,0,0,15,15,10,26,44,9,29,34,4,4,14,73100,48,49147
2,12,1,10,13,12,7,18,109,14,29,51,6,13,23,66500,51,0
3,12,0,6,21,17,13.58,20,115,13,34,74,6,6,29,58500,34,39015
2,4,1,1,25,20,17,22,65,15,35,46,6,15,15,56000,31,0
7,15,5,7,11,9.29,8.27,16,56,15,36,52,6,17,20,0,45,0
3,4,2,2,6,6.33,6.25,17,28,13,26,26,6,12,10,84500,37,73831
4,9,3,5,15,10,8.11,18,64,7,27,41,4,13,17,203800,51,0
1,1,0,0,15,15,15,15,15,7,9,9,2,2,3,116700,37,0
4,30,1,15,5,4.5,3.57,16,130,12,30,73,5,13,30,132200,34,73930
1,1,1,1,20,20,20,24,24,7,17,15,3,7,6,116500,49,43692
6,18,4,7,3,8.33,6.39,15,69,8,19,38,4,12,15,62000,33,34491
2,13,2,11,10,13.5,10.46,17,130,22,32,69,9,13,29,121900,43,54028
2,12,1,5,17,12.5,12.17,17,76,35,54,99,11,20,28,91200,48,0
3,26,3,10,10,10,10.12,4,118,37,57,126,6,15,30,67700,24,50359
3,4,0,0,25,19.67,16.75,18,44,15,32,35,6,6,13,76800,31,51648
1,13,1,3,25,25,14.69,21,93,24,43,85,6,15,18,59500,46,37481
5,18,4,13,5,5,4.44,15,128,10,30,62,5,14,29,122600,60,45651
1,5,0,2,20,20,9.4,19,66,15,31,48,6,6,17,94800,53,45651
3,10,1,4,6,14.67,9.6,15,52,18,34,37,7,15,16,72600,56,0
4,9,2,4,16,11,9.67,16,45,26,45,57,7,17,20,65600,52,0
1,16,0,10,10,10,7.19,17,110,12,25,52,5,5,23,64600,55,39302
3,12,2,8,10,10,9.25,18,107,13,34,72,6,16,31,63100,61,37183
2,3,1,1,20,17.5,15,17,44,14,32,37,6,14,14,49200,49,33933
5,5,2,2,6,5.6,5.6,16,32,13,27,24,6,12,10,56600,53,33707
2,2,1,1,30,27.5,27.5,16,20,14,22,18,6,10,8,56600,53,33707
5,19,4,9,12,10.4,8.58,20,113,13,34,69,6,16,27,87700,38,47308
4,10,2,4,21,19.5,15.8,19,64,13,33,53,6,17,22,138500,47,77368
4,5,3,3,10,8.5,8,19,28,13,26,25,6,12,10,115500,49,54367
2,2,2,2,15,12.5,12.5,16,20,14,22,19,6,10,8,115500,49,54367
7,9,3,3,6,5.29,5,18,32,13,30,31,6,14,12,62400,26,0
10,34,5,12,21,19.4,17.06,4,64,35,55,105,11,22,36,86000,40,48783
1,7,1,5,16,16,13.14,19,92,15,33,60,6,14,24,97300,39,54911
3,22,1,12,12,11.33,11.18,16,113,15,35,77,6,15,29,91600,49,41086
7,7,5,5,10,12.29,12.29,18,29,14,28,27,6,14,12,109600,40,48866
7,15,5,9,11,10.29,7.47,18,88,14,33,58,6,16,23,71500,32,46679
9,41,5,21,4,5.33,5,15,129,12,33,81,5,16,33,68400,28,35635
6,6,4,4,13,11.33,11.33,16,33,16,33,32,6,14,12,71900,41,38325
2,11,0,6,25,22.5,9.82,18,115,13,33,70,6,6,29,74600,25,62714
3,26,2,11,5,5,5.12,17,130,12,28,71,5,11,28,41300,29,38339
3,13,1,5,10,10,7,18,125,8,22,54,4,11,23,45300,29,31250
5,7,3,4,5,5,4.14,16,52,12,24,27,5,10,10,95000,17,54188
3,17,2,10,10,8,5.24,22,124,11,31,69,5,14,30,47500,46,33116
4,5,3,3,20,13.75,12,16,32,14,27,28,6,11,9,45500,27,0
4,16,1,9,10,10,8.63,19,124,15,35,77,6,16,32,57000,31,41040
1,18,0,11,10,10,7.61,23,126,10,27,67,4,4,28,76500,34,60721
7,15,3,7,10,7.43,6.87,17,52,13,35,49,6,17,20,68100,33,61132
5,14,4,8,10,7.2,8,16,130,9,24,40,4,13,20,26600,34,38714
1,1,1,1,25,25,25,16,16,12,17,14,5,7,6,51100,31,46910
6,22,5,15,11,11.5,8,22,127,13,35,80,6,17,33,47800,27,37149
6,9,4,4,5,9.33,8.44,16,35,14,32,32,6,15,13,40800,40,0
2,3,0,0,15,13.5,12.33,18,31,12,26,24,6,6,10,42500,29,45691
12,16,7,8,6,4.58,4.31,19,41,12,33,35,6,16,15,43300,11,0
6,13,3,7,5,5.33,5,9,105,22,42,65,7,16,26,39400,11,36607
4,7,2,3,5,6,5.29,18,35,12,28,30,6,14,13,39400,32,0
1,1,1,1,25,25,25,16,16,12,17,14,5,7,6,73200,43,49425
1,3,0,1,15,15,9,27,43,6,14,17,2,2,8,87100,28,0
3,8,1,4,10,12.33,9.25,17,88,15,33,57,6,14,21,71500,34,0
6,6,2,2,10,10.83,10.83,18,32,13,32,30,6,15,13,105200,42,60250
4,4,4,4,10,10,10,16,29,14,28,27,6,14,12,30800,18,33472
4,6,3,5,10,10,8.67,16,52,12,30,37,6,14,15,73600,31,52096
1,4,1,2,15,15,10,21,41,11,29,34,5,13,14,84800,38,45359
3,12,3,8,25,18.33,20.83,24,113,12,32,71,6,16,29,112900,24,72290
7,22,5,13,6,6.43,6.36,17,92,8,27,62,4,15,25,32500,39,42381
4,20,2,10,5,5.5,4.25,17,124,13,25,66,6,11,26,41600,28,36767
9,11,4,4,2,5,4.45,18,33,12,30,29,6,15,13,56500,44,41471
3,9,1,5,25,20,13.11,16,77,13,35,58,6,17,25,55600,32,35941
2,7,0,2,25,14,13.57,18,76,14,35,56,7,7,22,45700,30,35941
4,11,3,6,10,10.75,9.09,18,75,13,34,55,6,17,23,66700,35,45009
12,43,8,20,10,9.25,7.6,18,104,12,33,74,5,16,29,27300,24,31410
4,13,2,7,15,16,12.23,16,86,20,29,52,1,5,15,91000,28,0
9,13,7,8,8,9.44,8.46,17,41,13,33,39,6,17,16,50300,33,40165
4,5,2,3,9,8.75,7.6,19,41,13,30,31,6,14,13,53500,40,0
6,10,3,7,7,5.83,5.3,18,40,5,13,16,1,5,6,134900,21,0
3,8,1,6,25,23.33,17.63,17,88,12,30,57,6,15,23,57600,22,40107
2,2,2,2,15,10,10,21,28,4,10,10,2,5,5,34000,18,0
2,2,1,1,15,12.5,12.5,26,31,10,24,22,4,10,9,47000,28,25137
3,15,1,9,12,9,5.6,18,126,15,35,68,6,15,29,29900,16,32033
5,14,4,7,21,17.8,12.57,22,71,12,34,58,6,17,23,62500,34,36549
5,10,3,4,15,8.8,8,18,41,13,34,38,6,17,17,46800,26,30220
2,2,2,2,15,14,14,16,31,11,25,22,4,10,9,175200,27,122441
6,8,3,4,10,7,6.25,22,41,12,33,34,6,16,15,18600,27,0
0,1,0,0,25,0,25,19,19,10,10,12,4,4,4,59300,32,32757
7,20,5,9,5,5.57,5,19,87,13,31,63,6,16,23,45200,29,48101
3,5,1,2,20,16.67,13,20,41,13,35,38,6,17,16,47600,22,40136
3,3,2,2,10,10,10,16,24,14,25,23,6,11,9,55300,0,41506
6,12,5,9,14,12.67,9.92,18,105,14,32,65,6,14,24,44800,26,29414
5,11,4,9,11,9.6,7.82,16,69,16,36,59,6,15,21,33800,24,30455
2,13,2,7,10,10,8.23,20,104,7,15,46,2,6,17,33600,27,23906
2,3,0,0,25,17.5,20,18,32,14,31,29,6,6,12,44400,23,0
3,6,1,2,25,20,15.83,16,55,13,33,42,6,15,17,42600,0,27418
6,16,5,12,3,5,5.25,19,105,12,32,66,6,17,28,144900,42,52311
2,10,0,7,17,16,8.4,15,126,12,32,64,5,5,29,36300,22,26495
7,9,5,6,5,8.57,7.56,17,40,13,34,38,6,16,15,74300,55,0
6,14,4,9,10,10,9.07,17,113,14,36,69,6,17,30,102400,28,28268
4,6,1,2,10,5.75,5.17,15,40,11,29,30,5,13,13,200800,39,109713
5,27,2,15,5,5.2,3.63,16,128,6,21,62,3,10,25,39700,34,51634
4,14,4,11,15,15,12.07,15,119,14,33,67,6,16,28,71400,26,51634
3,17,2,8,20,19.33,10.65,15,121,14,32,72,6,16,31,38200,30,37031
5,34,5,16,8,5.8,4.85,7,92,12,33,70,5,16,26,72200,38,60483
2,7,1,4,20,20,12.71,20,57,13,33,48,6,15,18,86700,31,75367
2,6,1,3,15,11.5,9.17,17,45,14,35,39,6,17,17,136800,30,75367
2,8,1,3,24,17,11.25,16,80,14,34,56,6,15,22,43900,31,47310
8,11,7,8,6,7.13,6.64,15,41,11,30,34,5,15,14,111100,34,65232
11,43,8,25,5,5.27,4.3,17,128,10,31,84,5,16,35,19500,23,27089
2,10,0,2,21,20.5,15.9,26,63,10,32,52,5,5,21,87500,11,42819
1,1,1,1,15,15,15,21,21,8,15,13,3,6,5,145300,34,90240
1,7,0,5,18,18,11.14,24,115,9,24,55,4,4,23,58400,17,45176
4,7,3,6,10,12.5,10.29,17,44,6,14,19,1,5,7,89600,22,0
3,9,3,7,30,26.67,17.22,23,92,13,35,64,6,17,26,72400,33,63009
7,26,4,11,5,3.86,3.58,20,88,12,31,63,5,15,23,37500,27,0
4,12,2,7,13,11.5,11.08,18,86,8,25,48,4,13,20,45300,28,0
4,16,3,12,11,9.5,8.44,17,126,15,36,73,6,16,30,49200,40,40054
2,9,1,4,20,18,13.56,25,95,11,32,62,6,16,25,25300,29,22654
4,11,2,6,10,12.5,9.55,15,102,19,40,79,9,19,35,48300,18,41062
2,14,2,9,14,14,10.29,17,88,15,34,66,6,15,24,48400,25,37412
2,36,1,16,14,14.5,8.5,17,129,6,16,67,3,9,27,38900,35,33047
2,5,1,3,15,12.5,9,16,80,12,23,46,5,9,15,139500,34,0
6,10,4,6,5,4.67,4.5,17,45,12,33,37,6,17,17,66600,36,66481
1,1,1,1,15,15,15,16,16,11,16,13,4,6,5,61400,34,46893
4,20,3,11,5,5.5,3.15,15,130,8,20,43,3,8,16,22500,22,0
5,24,2,12,10,10,15.38,15,116,12,33,72,6,17,30,48000,38,45840
7,10,4,5,6,6,5.5,16,57,13,28,42,6,13,16,34700,21,40444
2,8,1,4,20,16.5,13,19,86,13,33,56,6,15,23,108100,38,90213
1,1,1,1,20,20,20,16,16,13,18,15,5,7,6,49900,32,52305
5,5,2,2,8,7.2,7.2,16,33,14,30,28,6,13,11,39900,35,45576
2,6,0,1,20,18.5,17.17,18,63,10,26,40,4,4,14,66600,29,55011
9,11,6,6,5,5,5.09,21,36,12,30,30,6,16,14,115200,29,0
4,16,3,10,10,10,7.69,19,67,13,32,55,6,17,23,126300,54,71115
4,11,4,7,12,9.5,7.64,15,69,13,34,56,6,17,22,79100,40,0
6,16,4,8,5,3.17,2.63,18,117,13,31,55,6,14,23,42800,33,0
4,12,3,6,16,15.25,12.67,25,52,13,34,45,6,17,19,97000,29,0
2,12,1,7,14,14.5,13.42,18,65,14,35,58,6,16,22,52200,22,44133
3,5,1,2,17,17,14.6,16,51,12,31,39,5,13,16,109700,26,70892
3,6,3,4,30,27.67,25.5,17,44,13,31,39,6,16,16,58100,28,42009
3,3,3,3,35,30,30,22,33,13,31,30,6,14,12,64300,23,52514
6,27,4,14,3,3.33,3.41,15,123,12,28,68,5,13,29,97500,30,0
3,4,2,2,20,20,20,15,28,12,26,24,6,13,11,50500,47,47212
3,15,3,13,32,26.33,12.8,16,127,14,36,75,6,17,34,55100,37,59357
3,9,2,5,10,10,8,21,80,12,31,56,6,15,21,48500,36,58821
2,3,1,2,15,15,11.67,22,52,10,23,32,4,9,11,33300,33,0
3,11,2,9,13,11.67,5.82,24,113,11,31,59,5,14,25,77800,35,64484
5,19,4,14,10,10.8,8.16,21,124,12,32,73,6,17,31,70000,29,0
3,3,0,0,25,23.33,23.33,19,32,13,28,26,6,6,11,43000,36,42507
3,4,1,1,21,17,19,15,31,12,27,26,5,12,10,88700,30,37546
5,7,3,5,15,18.4,16.29,25,52,12,33,44,6,16,18,57300,25,45788
4,5,1,2,19,18.25,16.6,18,41,13,33,36,6,15,14,80000,31,45788
5,5,4,4,10,9.4,9.4,17,30,11,25,24,5,12,11,44100,0,45788
13,63,9,29,2,3.54,3.22,15,129,12,29,87,5,16,35,74800,37,51091
9,37,8,22,4,6.44,6.19,15,130,15,34,86,6,17,33,40400,39,51091
3,3,1,1,17,15.67,15.67,22,32,12,30,28,6,14,12,50200,45,45235
2,9,1,3,14,14,10.22,16,80,15,34,54,6,15,22,72500,25,57372
2,3,2,2,10,10,8,17,20,14,22,20,6,10,8,42800,33,50030
5,7,4,6,10,9.6,8,23,44,12,31,37,6,15,15,64800,38,0
1,7,0,3,25,25,13.57,24,111,11,29,59,6,6,25,33400,33,0
3,14,1,9,15,14.05,9.8,18,125,13,33,70,6,16,29,64600,33,0
5,30,3,17,4,4.4,3.97,21,126,11,26,74,4,11,29,76400,32,0
3,26,2,11,10,10,5.88,17,126,13,35,80,6,17,34,47900,30,51507
3,4,2,3,20,18.33,15,15,39,12,32,31,6,15,14,66300,35,65871
5,19,3,10,10,8.4,5.26,23,101,12,34,63,6,17,27,55600,26,57954
2,9,1,4,15,15,10.11,22,77,12,33,54,6,16,23,69300,32,62310
2,8,1,6,12,15,10.88,8,63,23,42,66,11,20,26,159600,24,80468
4,4,2,2,12,10.5,10.5,18,32,12,29,27,6,14,12,241700,41,89045
1,7,1,5,25,25,18.43,19,80,7,20,48,4,12,20,271200,21,89045
2,15,1,9,15,15,7.87,22,128,12,33,66,6,16,31,55400,26,56996
5,5,3,3,25,23,23,15,33,14,33,31,6,15,13,159500,36,98346
1,6,1,5,23,23,9.17,18,104,14,28,43,6,11,17,101100,31,67354
8,16,8,12,15,11.88,9.94,17,88,14,34,63,6,17,24,70900,45,56250
3,8,1,4,25,20,13.88,15,88,13,33,58,6,15,22,91300,21,64385
7,18,1,6,5,4.57,3.33,15,102,13,31,55,6,13,20,95100,40,64385
7,9,4,5,5,5.57,5.22,18,41,6,26,29,4,14,13,68700,22,0
1,6,0,3,20,15,17.5,5,66,19,35,49,7,7,19,61300,12,16921
4,14,2,5,14,13.5,12.43,7,73,25,46,94,11,21,36,37600,25,45397
2,2,2,2,30,27.5,27.5,17,33,13,31,30,6,14,12,34800,21,29143
1,18,0,8,10,13,8.67,6,92,19,37,75,7,7,26,52400,17,54371
2,5,1,2,16,15,10.6,15,67,10,26,42,3,9,15,80600,24,95516
3,15,3,9,13,13,10.73,17,91,13,31,62,6,17,27,111400,27,0
3,31,2,15,10,28.33,17.23,18,128,13,34,83,6,17,33,72600,26,57274
1,1,1,1,20,20,20,21,21,10,17,15,4,7,6,147200,31,75047
2,10,2,5,21,20,11.1,20,111,13,35,66,6,17,29,180900,20,85873
7,28,7,19,8,8.57,7.61,11,97,29,50,90,11,22,35,92300,29,72554
1,21,0,12,12,12,7.81,19,125,12,32,77,5,5,32,56800,29,54499
4,11,2,4,11,10.5,9.55,18,81,13,33,53,6,17,22,40000,38,43750
1,8,0,1,25,25,23.13,18,102,13,31,66,6,6,27,56700,41,39928
7,32,5,18,9,8.57,7.56,19,130,12,31,82,6,17,34,47500,32,51946
6,7,3,3,6,6.33,6.14,17,40,13,32,35,6,15,14,52900,35,56724
2,2,0,0,15,10,10,18,28,10,22,20,4,4,8,84100,33,60320
4,15,3,8,5,5.5,5.33,17,81,15,33,60,6,15,22,54900,30,57132
3,12,1,8,12,11.33,6.75,16,126,14,33,62,6,14,28,56900,32,49432
1,14,0,9,16,16,6.57,18,130,11,29,64,4,4,27,49400,40,41098
2,11,2,7,10,10,14.09,15,57,14,36,53,6,17,22,49500,24,47582
1,2,0,1,16,16,13,23,40,10,28,31,4,4,11,96200,31,63701
5,19,3,9,25,16.6,12.26,18,111,24,45,103,12,22,42,46600,29,44779
2,5,1,3,17,16,10.6,16,76,12,31,50,5,13,19,77000,30,51918
7,15,3,6,7,6,5.33,7,62,26,47,66,11,21,27,81700,0,0
1,7,0,3,16,16,12,26,109,12,30,62,4,4,26,89500,44,63917
3,21,1,10,5,5,4.9,18,130,10,28,72,4,11,29,34700,29,46170
4,12,1,6,7,7.5,6.17,15,93,12,28,59,5,12,23,57400,42,0
4,7,2,4,15,14.5,12.14,24,65,11,33,46,6,17,19,75500,25,64775
3,5,3,3,14,13,12.2,15,28,26,40,40,7,14,12,95100,0,0
5,17,4,12,10,10.4,8.29,19,112,13,35,76,6,17,30,48600,23,46774
1,19,1,13,10,10,8.89,23,129,4,13,56,2,7,22,31800,30,44845
5,7,4,6,12,9.6,8.57,21,44,12,31,36,6,15,15,52100,19,54146
1,5,1,3,21,21,11,24,75,11,30,49,6,14,18,55900,29,56500
6,27,5,20,5,3.67,3.52,24,129,14,34,82,7,18,34,94300,33,66796
2,19,1,14,30,27.5,13.11,19,129,13,35,81,6,17,34,41700,28,43514
4,12,3,9,10,11.5,8.42,20,116,14,33,70,6,16,29,58400,25,0
3,23,1,13,15,12.67,7.91,19,128,13,34,81,6,16,33,76400,30,0
4,9,2,4,25,25,22.22,19,96,14,36,68,6,17,26,69000,34,60591
1,15,0,7,10,10,11,25,128,10,28,71,5,5,28,78400,23,0
3,7,2,4,12,12.67,11.29,17,56,13,34,48,6,16,19,89000,15,0
4,22,2,12,20,18,13.32,21,111,13,33,78,6,16,29,90000,27,58868
3,6,1,2,5,8.33,9.17,16,56,6,22,42,1,7,10,84000,51,0
4,19,1,12,12,11,8.58,18,130,14,32,73,6,15,32,64100,29,0
8,31,5,18,3,3.63,3.52,21,128,10,32,75,5,16,31,56300,24,44931
3,8,2,4,15,12.33,9.25,6,53,22,36,42,5,12,14,81300,36,44821
6,7,4,4,12,10.67,9.86,16,30,14,28,27,6,12,10,57800,32,50640
1,8,1,6,20,20,12.25,16,116,13,31,67,5,13,27,43800,38,0
3,12,2,11,15,18,15.92,22,122,12,33,67,6,17,30,22900,36,0
5,19,3,13,6,5.8,5.05,18,127,7,21,51,3,9,19,60400,33,50240
1,6,0,2,15,15,10.5,19,77,11,25,45,5,5,18,52900,44,50576
3,12,2,6,10,10,6.33,16,87,14,31,58,6,13,21,60000,38,0
4,6,4,5,10,6.75,5.83,16,29,13,27,26,6,13,12,15000,26,30000
3,13,0,8,10,11.67,5.54,18,130,14,32,68,6,6,30,37400,31,0
11,23,5,10,10,9.18,7.83,15,88,16,37,59,6,17,23,69100,33,54771
9,11,6,7,10,7.33,6.73,20,41,13,34,38,6,16,15,55100,34,54771
1,5,0,2,20,20,14.4,19,52,13,32,40,6,6,17,39700,51,0
7,10,4,5,10,11.57,10.6,22,40,12,33,36,6,16,15,39300,38,44174
3,10,3,8,15,10,7.3,24,88,10,27,71,4,12,27,58600,32,54871
3,5,2,2,12,10.67,9.8,17,40,13,31,34,6,15,14,44300,27,45895
1,5,1,4,50,50,33,24,65,8,19,41,5,12,17,68800,31,42403
9,16,5,8,5,4.78,4.75,14,75,24,44,62,10,19,25,108500,32,67061
5,9,2,3,20,16,14.22,15,44,14,36,43,6,17,17,74000,27,67061
2,5,2,4,19,19.5,15,21,51,12,32,42,6,16,18,104300,33,77155
3,4,3,3,5,8.33,7.5,15,29,11,22,21,6,12,10,94300,30,76209
11,24,7,12,13,11.55,11.5,20,67,14,36,59,6,17,23,67300,30,62557
3,16,3,10,18,14.67,11.31,16,113,8,17,43,4,9,17,71300,21,61196
2,3,1,1,11,9,7.67,17,23,12,20,18,6,10,8,72500,27,62556
3,14,2,9,10,15,8.36,15,129,15,31,73,6,14,28,85600,28,0
7,7,5,5,5,4.86,4.86,15,32,13,27,28,6,13,11,126000,33,62012
2,2,1,1,15,10,10,19,29,10,23,20,4,9,8,130400,0,87850
2,3,1,2,15,17.5,15,16,41,13,33,33,6,15,14,104000,29,67825
5,11,3,5,10,7.4,6.82,18,127,13,35,58,6,17,27,92300,29,75203
1,6,0,4,15,15,7.5,18,92,10,24,45,4,4,18,62700,32,50457
1,8,1,7,20,20,17.5,18,112,13,32,65,6,15,27,78900,30,0
3,13,2,7,10,14.33,10.08,17,113,13,31,70,6,16,29,27300,23,26291
2,2,2,2,15,10,10,15,29,8,18,19,2,6,6,27700,27,21867
1,9,0,6,20,20,10.56,26,99,10,30,63,5,5,25,56500,38,48327
3,8,2,5,14,10.33,7,16,105,14,26,53,6,11,20,137500,12,44702
4,19,3,10,10,10,8.47,23,123,12,34,74,6,17,32,57500,24,55075
2,8,1,5,17,16,11.25,17,89,14,31,57,7,15,24,67700,40,53851
3,8,3,4,12,10.67,9.38,17,77,13,32,52,6,14,19,208300,24,0
1,4,0,2,17,17,11,17,62,11,28,40,5,5,15,42100,29,41639
4,12,1,4,10,11.75,9.33,15,81,13,34,58,6,16,23,47600,27,45816
2,10,0,6,15,12.5,9.5,15,123,11,29,64,4,4,26,40600,24,47857
4,29,2,9,6,7.5,5.45,4,75,29,44,86,7,15,22,67900,28,55681
6,18,3,14,6,4.83,4.44,17,126,12,31,69,6,16,31,33100,38,50244
4,13,2,8,16,14.5,11.85,17,128,13,33,73,6,17,32,49100,32,43451
3,3,2,2,17,16.33,16.33,16,24,15,26,23,6,11,9,57300,38,51591
5,15,5,13,12,16.6,19.4,17,112,25,42,77,11,20,33,65500,43,48104
4,12,2,6,8,7,6.83,18,113,12,28,60,6,13,24,52200,27,52109
6,22,5,13,5,5,4.77,17,121,10,27,74,5,14,31,42200,43,44220
5,16,4,11,10,9.6,8.94,18,81,14,36,67,6,17,26,57100,41,0
2,8,2,3,15,15,10.38,4,45,12,24,29,4,11,11,30300,23,0
2,5,0,2,20,20,13.4,18,74,13,31,50,6,6,20,45800,26,48311
5,17,3,7,2,4,2.76,17,113,7,17,35,3,7,10,34500,28,48311
5,29,5,18,15,11.2,9.69,16,129,15,35,84,6,17,32,53300,39,48311
1,1,0,0,20,20,20,19,19,10,17,15,4,4,6,50000,31,0
7,17,4,12,7,5.29,4.35,18,123,12,32,67,5,15,30,18200,29,0
1,1,1,1,25,25,25,24,24,10,20,18,4,8,7,47000,30,0
5,11,4,6,11,9.8,7.55,20,52,12,34,47,6,17,19,48600,36,0
4,10,3,5,10,9.25,8.5,22,68,12,32,53,6,15,20,102700,28,65904
5,19,5,16,7,5.4,4.59,17,127,12,30,72,5,12,28,68700,30,36031
2,14,1,6,5,6,5.07,15,76,11,29,54,5,13,21,73700,33,0
4,12,2,5,10,6,5.25,18,80,12,34,56,6,17,23,63400,28,41161
4,21,1,11,7,6.75,4.43,18,129,12,32,76,6,16,33,57500,25,46098
2,5,1,2,15,15,8.6,21,57,12,29,40,6,14,17,89600,32,67408
3,3,2,2,20,10,10,18,36,12,31,29,6,14,12,99400,35,65650
2,3,1,2,20,15,11.67,18,38,14,32,32,6,15,14,60400,41,68536
3,3,2,2,9,8,8,16,24,13,24,24,6,11,9,106300,37,55513
3,14,2,6,20,20,15,9,125,20,42,80,8,19,34,88700,0,70928
2,18,1,10,17,16,11.67,26,113,10,31,73,5,15,28,64600,34,59263
3,5,3,4,20,12.67,10,24,40,12,33,36,6,16,15,57500,30,57344
7,11,5,6,15,16.43,12.73,24,41,12,31,36,6,16,15,48700,27,0
1,1,1,1,15,15,15,26,26,7,20,17,3,9,8,39100,28,42679
6,14,3,6,10,8.67,5.79,18,86,5,19,32,2,8,11,79200,17,0
3,11,2,8,10,11.67,7.36,5,77,16,29,45,5,11,14,96600,35,57822
2,2,2,2,20,12.5,12.5,19,28,11,23,21,4,9,8,92000,37,0
1,2,0,0,17,17,16,25,31,9,22,23,4,4,8,88900,27,52491
2,2,1,1,15,14,14,18,23,12,24,22,6,12,10,151500,33,105995
1,7,1,6,18,18,14.29,21,93,5,13,37,2,6,16,179300,24,92980
2,8,2,4,25,22.5,25.13,18,57,13,34,49,6,17,21,112200,19,70108
8,11,5,6,5,5.38,5.09,18,44,12,34,38,6,17,17,90800,22,72090
7,14,4,9,10,9.57,7.71,4,104,20,40,61,9,18,24,34700,39,41958
11,29,5,7,15,9.64,9.31,6,89,29,51,90,11,22,33,53000,34,49487
6,42,3,16,15,17.83,10.55,4,111,32,53,136,17,27,51,40400,28,48750
2,7,0,3,21,19,10.71,18,91,7,27,45,4,4,21,41800,23,52321
2,12,2,9,18,18,11.92,25,93,11,33,66,6,17,27,35900,30,51125
4,11,3,10,5,9.25,5.91,16,126,14,33,63,6,14,28,28100,30,34375
2,10,2,6,20,20,17.1,24,89,11,32,62,6,16,25,26700,31,37986
1,5,0,1,15,15,7,19,44,12,31,35,6,6,15,54200,23,44938
3,24,1,13,10,10,10.92,6,122,26,47,93,10,20,38,23500,29,44732
4,16,3,9,10,13.75,11.25,24,126,10,31,74,5,15,32,42800,32,41142
5,11,5,9,10,11.8,9.36,16,89,15,37,61,6,17,24,46000,21,0
6,34,5,19,10,10.33,9.12,4,129,31,52,123,7,18,35,28400,0,42125
1,17,0,7,11,11,7.53,19,129,11,24,65,4,4,26,55400,26,39029
2,14,1,5,16,14,8,15,88,12,31,58,5,13,23,46200,31,39029
4,32,1,17,15,11.75,8.97,15,127,14,35,84,6,16,33,39700,36,40450
2,2,2,2,15,10,10,18,24,12,23,20,6,11,9,33800,22,37083
2,3,1,1,20,15,15,21,32,12,26,26,6,13,11,42500,0,0
2,18,1,10,10,10,5.5,22,127,10,29,69,4,12,29,24700,23,25938
4,25,3,14,5,9,5.46,4,126,16,33,75,6,15,31,69600,29,54528
1,7,0,3,25,25,19.29,18,103,13,35,61,6,6,29,46900,41,42467
3,29,2,16,10,7.33,5.66,18,123,13,31,73,6,15,31,31800,29,33750
3,13,3,12,10,7.33,4.23,17,113,13,28,65,6,13,25,25300,29,36563
4,15,3,14,7,5.5,5.27,17,122,8,19,46,4,9,21,59300,27,0
5,6,4,4,12,10.4,10.67,18,33,12,31,31,6,15,13,33100,25,0
5,9,2,3,5,5,7.33,15,93,11,31,58,5,14,27,41900,28,40125
4,13,3,7,10,12.5,9.15,16,76,14,36,62,6,17,24,83200,30,48474
4,25,2,14,17,15.5,10.64,21,128,13,34,82,6,17,33,32000,23,32750
1,9,0,2,20,25,21.74,6,65,40,60,116,11,11,38,39500,34,25313
2,10,1,8,20,17.5,9.7,17,129,7,24,56,4,14,28,71700,31,50451
6,10,4,5,10,7.5,7.3,18,40,13,33,38,6,16,15,44500,38,0
7,44,5,22,16,16.86,13.66,23,130,14,35,109,5,16,33,55300,25,0
3,18,3,13,5,10,8.39,18,111,8,22,64,4,11,24,37500,26,38667
4,9,3,6,4,3.5,3.22,18,55,10,19,22,5,10,13,44600,34,38667
2,8,2,4,15,14.5,11.63,15,92,12,29,54,5,12,22,74700,46,38413
5,23,5,16,12,11.2,8.04,18,127,10,30,74,5,15,31,82800,40,41070
2,4,1,3,20,18,14.5,24,65,11,27,44,6,13,16,155400,31,83754
3,15,2,7,3,4.33,3.8,17,118,13,28,63,6,12,24,135500,16,113663
4,15,4,12,10,7.75,7,16,120,14,34,72,6,16,33,116500,33,62230
1,1,1,1,15,15,15,17,17,10,15,13,4,6,5,184600,25,87665
2,11,2,10,30,27.5,17,16,124,9,20,53,4,11,26,183300,24,107272
4,12,3,6,10,11,9.83,16,68,12,31,58,5,15,22,140100,26,107272
8,25,5,14,10,8,5.88,21,104,12,32,72,6,17,29,61700,22,40165
1,4,1,1,20,50,22.5,10,17,28,33,32,5,7,6,160900,0,89773
4,7,2,4,12,12.75,11,17,45,13,33,39,6,17,17,254900,20,89773
5,18,5,11,5,3.6,3.06,15,107,10,27,60,4,11,25,234700,41,87767
1,2,1,1,10,16,13,15,17,14,18,16,5,7,6,171100,40,87767
1,3,0,1,25,40,35,18,44,13,35,41,6,6,17,96200,32,72452
13,56,8,24,7,10.31,8.29,17,93,35,57,147,11,22,42,89000,23,54341
1,1,1,1,25,25,25,21,21,11,18,17,5,8,7,136400,23,54341
2,2,1,1,15,12.5,12.5,18,28,11,24,22,4,10,9,66200,20,42613
5,14,3,8,5,4.8,5.29,20,92,13,34,71,6,16,27,91700,22,80104
5,13,3,5,20,22.4,18.46,15,89,14,34,65,6,17,25,91600,18,55087
1,8,1,4,16,16,11.13,20,75,13,31,52,6,14,21,150900,21,72339
1,7,0,3,15,15,8.43,25,92,9,29,54,4,4,23,118100,24,76959
2,5,1,2,25,20,19.4,18,40,12,34,36,5,16,15,140100,34,76673
5,14,4,11,5,6.4,5.36,17,122,13,31,65,6,14,28,367100,31,122155
1,34,1,14,25,28,15.85,14,122,33,50,126,7,17,33,95100,43,0
1,5,1,3,20,20,16.4,21,88,10,24,51,4,10,19,88900,27,74592
5,23,2,13,10,8.8,8.22,6,112,22,42,88,7,16,31,59000,30,65500
3,5,3,3,30,23.33,25,15,26,16,29,26,6,12,10,119100,30,69583
5,7,3,4,5,5,5,17,33,12,29,30,6,15,13,97800,27,69121
3,10,0,2,12,11.33,9.5,16,53,13,33,46,6,6,19,189200,33,91659
7,38,4,17,7,7,7.37,18,126,12,34,81,6,17,33,185200,26,86282
4,13,2,3,25,25,22.69,6,113,32,53,104,7,17,28,93100,0,59321
3,38,3,14,15,13,10.11,17,89,21,35,93,4,11,20,107500,32,71014
5,16,4,9,16,16,12.69,19,113,13,35,73,6,17,30,170800,14,0
2,13,2,8,15,12.5,8.77,21,113,12,28,68,5,12,25,110200,31,59014
2,2,2,2,20,16.5,16.5,24,32,9,26,24,4,11,10,141800,18,81157
3,13,1,10,10,8.33,6.15,17,122,12,32,69,6,16,29,88100,24,0
5,10,3,6,15,11,9.2,21,53,12,33,44,6,17,18,149900,31,72594
8,17,5,8,6,9.25,7.94,18,77,14,36,62,6,17,23,108100,24,73508
4,6,3,4,12,11,9.83,21,41,12,31,35,6,15,14,157800,23,105247
5,29,3,18,5,6,5.45,17,130,15,35,99,6,16,34,67800,32,39604
1,4,0,1,20,20,20,21,100,13,30,56,6,6,22,56200,28,44965
1,6,1,4,36,36,20.83,18,89,13,32,57,6,15,23,109400,23,56916
1,8,1,6,10,10,10.63,23,92,12,32,59,6,15,24,69800,23,27096
1,16,0,9,17,17,11.19,18,103,14,31,77,6,6,29,101400,11,37766
6,69,2,14,25,21.33,17.33,10,111,29,51,124,5,16,30,100000,30,48639
2,12,0,2,25,25,24.75,15,103,22,42,92,7,7,28,104500,18,0
7,23,3,10,5,5.71,9.17,16,68,9,27,46,4,14,19,106300,22,48639
2,12,2,9,12,11,8.92,15,114,10,27,67,3,10,27,55300,21,58656
4,11,1,5,3,9.25,7.55,19,124,11,28,63,5,12,27,135800,17,70789
2,10,0,2,15,12.5,9.7,19,109,15,35,72,6,6,31,86700,24,31228
5,10,3,4,5,29.2,18.6,13,43,26,47,56,5,15,15,107200,23,0
4,12,1,3,10,13.5,10.75,4,62,33,50,68,7,14,20,149300,0,58656
4,7,3,5,5,9.25,7.86,6,53,20,39,48,8,16,18,94000,0,56544
1,3,0,1,35,35,30,18,57,13,32,42,6,6,18,92700,23,53637
9,15,5,6,10,7.67,7.93,13,42,32,53,57,8,18,17,85200,0,64766
3,3,1,1,11,7.67,7.67,18,24,12,23,20,6,11,9,30200,36,40079
6,32,2,13,12,11.33,10.72,18,109,15,37,76,6,17,30,60400,31,57075
13,39,8,21,3,3.15,2.58,15,130,14,33,80,6,17,35,71600,33,0
2,2,1,1,15,10,10,21,27,12,24,22,5,11,9,73900,33,50395
8,32,6,15,6,5.88,5.94,19,92,15,36,73,7,18,28,76500,26,65091
1,2,0,1,25,25,37.5,18,44,14,33,37,6,6,15,60600,34,61929
4,17,2,9,5,3.75,3.12,17,126,12,29,63,5,12,26,57600,33,37320
2,2,2,2,15,15,15,24,29,10,23,22,4,10,9,60700,36,0
5,43,4,23,10,10,8.37,21,130,11,32,83,5,16,33,106300,24,55033
1,13,1,6,15,15,8.08,22,64,12,31,53,6,15,20,34700,48,48341
2,7,1,3,15,10,6,26,64,7,22,41,4,12,15,44000,29,51181
4,9,2,4,15,15.5,14.22,17,67,13,34,58,6,16,23,47200,30,48554
5,20,2,9,5,5,4.7,16,104,13,32,68,5,13,26,56800,37,47942
10,18,4,5,6,5.8,5.56,20,52,6,26,40,4,15,17,25800,5,42796
4,15,3,9,5,7.5,5.87,17,89,13,32,60,6,17,25,19200,18,37883
5,13,4,9,10,11,7.92,15,123,13,30,71,6,15,30,72000,30,65846
3,5,2,3,10,6.67,7,18,38,12,29,30,6,13,12,29000,37,35263
4,16,3,13,20,16.25,10.75,19,105,13,35,75,6,17,30,42700,41,48940
2,6,1,4,10,12.5,9.5,17,89,13,29,49,6,13,19,82000,45,37990
7,31,4,10,5,5.29,5.13,9,79,26,47,88,9,19,25,39700,0,0
2,6,0,2,25,20,11,15,67,12,29,46,5,5,18,41800,39,46477
2,7,1,3,29,30.5,25.57,15,65,14,36,58,6,17,22,76400,45,64196
6,33,3,20,3,4.33,4.85,18,129,10,31,81,5,16,33,41300,37,39375
2,3,1,2,15,12.5,10,26,39,10,28,28,4,13,13,35000,36,40508
1,4,0,1,25,25,21.25,17,68,12,26,45,6,6,18,48500,30,47256
2,14,1,6,20,15,13.21,5,76,29,47,76,8,17,24,86700,33,54684
3,3,2,2,15,9.67,9.67,16,30,12,26,24,6,12,10,87900,35,54684
5,9,1,4,28,27.8,17.89,18,53,12,34,43,6,17,20,47000,41,43731
1,11,0,4,15,15,8.36,18,68,16,35,67,5,5,24,58000,29,53929
2,5,0,3,15,12.5,10,18,69,6,15,29,3,3,10,33100,36,0
1,5,1,3,15,15,10.6,21,75,10,26,45,4,10,17,43900,32,49492
5,20,3,10,5,4.6,4.2,17,86,12,33,66,5,15,24,47000,37,41594
1,1,1,1,15,15,15,20,20,8,15,13,3,6,5,146200,31,59396
2,44,1,19,12,11,8.36,20,128,11,28,95,4,12,32,50400,26,40389
4,9,2,3,10,9.25,9,18,44,12,34,38,6,17,17,34000,34,36503
2,3,0,1,20,15,11.67,19,54,14,27,34,6,6,12,38000,28,40417
1,8,1,1,15,15,19.5,7,37,27,32,50,5,7,6,30300,35,35833
3,15,1,8,20,15,10.27,21,112,12,33,75,6,17,34,18200,30,31172
3,3,1,1,13,10,10,18,26,12,25,22,6,12,10,119100,31,82506
3,12,1,6,10,10,7.75,16,56,14,34,51,6,15,20,184400,28,82506
8,19,6,10,25,20.13,18.42,6,53,32,51,78,11,21,26,160200,25,75543
2,14,0,9,5,7.5,8.21,15,105,10,27,64,4,4,23,83400,26,80831
1,21,1,11,17,17,5.57,26,94,9,26,59,4,11,23,49600,38,45583
4,5,3,3,3,7.5,6.6,24,29,11,27,25,5,13,11,63100,34,50957
1,1,1,1,20,20,20,23,23,8,15,13,3,6,5,178300,26,77857
2,8,1,4,25,30,26.25,20,105,13,35,65,6,17,28,73300,42,52582
1,1,1,1,15,15,15,21,21,8,15,13,3,6,5,224100,10,53349
3,4,1,1,5,6.67,5.5,17,40,12,22,21,5,9,8,118000,31,0
4,25,2,12,17,15,14.72,7,122,21,38,90,7,15,32,33400,41,39460
6,25,5,19,5,5,4.4,19,129,12,32,80,5,14,30,72000,38,43250
5,10,2,3,10,7.6,6.1,15,85,13,31,48,5,13,19,15000,35,22500
4,27,1,15,10,10,7.63,4,128,19,38,90,7,15,32,31300,35,27338
3,8,2,5,15,14,10.13,20,88,13,31,54,6,14,22,116200,35,63034
1,1,1,1,20,20,20,17,17,10,15,13,4,6,5,84400,35,0
3,13,1,6,28,27,19.92,15,93,13,34,69,5,15,26,57600,35,57228
1,1,1,1,25,25,25,15,15,11,15,13,5,7,6,82500,41,56157
2,21,2,11,10,10,8.62,24,120,12,32,78,5,15,31,54500,33,40898
1,1,1,1,25,25,25,23,23,10,21,19,4,9,8,63200,46,56722
8,20,5,10,5,11.13,8.1,15,86,14,33,59,6,16,23,18400,16,0
3,3,2,2,15,13.33,13.33,16,32,13,26,25,6,11,9,78700,31,29646
2,2,1,1,20,12.5,12.5,18,23,13,25,22,6,12,10,69500,35,69871
8,37,6,16,19,19.38,19.43,19,105,14,33,77,6,17,27,118200,20,63710
7,13,2,7,3,3.86,5,6,87,15,35,57,7,16,23,30000,33,40759
3,11,1,7,11,9.67,6.64,17,113,14,33,63,6,15,27,23800,35,35884
2,7,2,4,20,20,14.43,23,105,12,34,59,6,17,25,23800,35,35884
3,8,3,7,16,14.67,10.13,19,81,13,32,56,6,16,22,25700,39,38385
0,12,0,5,15,0,13.42,4,121,27,27,89,5,5,28,32200,36,35747
2,2,1,1,20,15,15,21,24,12,23,21,6,11,9,65200,32,42094
1,1,0,0,15,15,15,19,19,10,17,15,4,4,6,50900,19,51667
2,2,0,0,15,12.5,12.5,26,31,9,22,23,4,4,8,58800,26,45529
4,28,2,12,12,9.5,9.21,18,130,8,24,59,4,12,24,40200,47,31883
1,18,1,8,12,12,8.5,18,113,12,30,71,5,13,28,39700,36,0
3,7,1,3,5,4.33,6,16,52,15,35,43,6,15,17,37600,40,0
1,1,1,1,20,20,20,16,16,13,18,15,5,7,6,29000,29,32880
2,12,2,8,15,15,10,17,96,13,32,66,6,15,26,39300,25,35932
10,14,7,9,12,10.7,9.21,16,45,14,33,38,6,17,17,29700,24,0
4,19,3,8,2.5,2.63,2.32,15,113,8,17,48,4,9,16,86800,30,45281
7,17,5,11,14,14.86,11.82,22,105,13,33,69,6,17,29,48600,32,41165
3,12,3,8,10,10,6.83,19,102,13,33,65,6,15,30,61900,37,33469
5,12,4,8,5,3.4,3.17,17,69,13,24,46,6,12,17,36700,50,29464
5,25,2,10,5,5,3.72,19,97,11,32,66,5,15,27,88900,44,49134
5,16,4,12,2,5.4,4.44,19,128,11,30,68,5,15,29,28400,25,43125
3,3,2,2,10,10,10,23,33,11,28,26,5,13,11,67100,47,56296
1,15,0,7,10,10,8,26,113,9,27,66,4,4,24,70600,29,0
3,7,2,3,10,11.33,8.29,15,62,13,31,46,6,14,18,141300,38,88082
5,17,4,8,9,7.4,5.24,17,80,12,26,45,5,14,20,99300,24,62206
3,3,3,3,9,8,8,16,24,13,24,22,6,11,9,51900,47,35728
5,23,2,10,5,5.4,5.3,17,127,13,34,71,6,16,29,73100,36,53164
5,18,3,8,20,18,12.06,18,79,23,43,78,6,16,24,50000,29,34004
5,20,5,11,4,5.2,4.75,21,113,11,30,71,6,16,29,24900,31,0
5,6,4,4,8,7.2,7.67,18,28,12,25,24,6,13,11,85800,26,78577
1,14,1,6,23,23,16.79,15,64,15,33,77,5,13,21,43600,27,42565
10,18,4,8,5,5.45,5.81,15,51,13,34,47,5,15,21,43100,20,42565
7,15,4,8,25,25.71,21.07,15,103,15,36,73,6,17,29,40500,25,0
8,14,7,10,5,5.13,5.29,19,53,13,34,45,6,17,18,45000,33,52917
1,1,1,1,15,15,15,17,17,10,15,13,4,6,5,68100,46,72781
4,43,2,13,20,16.5,13.58,27,125,14,36,100,5,16,31,245800,46,59190
5,21,2,12,5,5,3.76,15,106,10,30,68,5,14,30,60000,36,58776
3,19,2,13,10,11.33,6.63,18,127,13,31,75,6,14,30,67200,22,0
3,13,2,5,33,23.33,20.46,7,52,29,50,63,7,18,21,67500,33,57358
2,7,1,4,19,18,15.29,21,56,12,32,49,6,16,21,96000,24,85577
4,13,3,6,10,10,7.08,18,122,15,35,63,6,16,26,61300,41,75582
1,17,1,10,15,15,8.53,21,129,12,31,78,6,15,30,297100,23,75582
4,11,3,6,6,7.5,7.09,16,52,14,34,47,6,17,19,70000,28,67801
3,14,3,6,12,10,7.21,16,81,13,34,60,6,16,23,134400,37,59090
4,6,2,3,6,4.75,4,17,41,12,30,30,6,13,12,82500,33,73289
11,29,7,15,5,5.64,5.21,16,122,14,36,75,6,17,32,49300,27,0
2,14,2,6,10,14,9.43,18,103,14,36,66,6,17,27,39600,28,58281
2,16,1,9,10,7.5,6.19,15,123,12,30,71,5,13,30,42200,29,45486
5,14,3,7,3,9,6.93,15,78,14,36,55,6,17,23,23200,28,36500
2,7,2,6,15,13.5,8.43,17,93,13,32,55,6,15,22,44100,35,45504
3,12,2,6,10,10,6.25,16,90,14,35,44,6,16,19,76400,31,51909
2,22,2,10,10,8.5,5.95,21,130,6,18,43,2,7,14,72400,26,42252
3,8,1,2,24,22,18.5,18,77,13,35,56,6,17,23,190300,20,21711
4,6,3,3,25,23.75,24.17,18,33,14,32,32,6,15,13,71700,22,23826
6,27,3,10,8,7.67,6.67,17,68,23,44,76,6,17,24,54400,33,35188
1,4,1,2,15,21,15.25,18,53,13,32,38,6,14,16,70300,42,56894
6,6,5,5,5,4.83,4.83,16,36,12,29,29,6,14,12,46500,29,35311
4,10,4,8,21,21.5,15,20,73,14,34,58,6,16,21,56400,24,0
1,2,1,1,20,20,15,23,29,10,23,22,4,9,8,61100,24,45034
2,16,1,8,25,25,13.75,21,121,13,32,77,6,16,32,173000,0,85605
7,28,4,17,5,5.71,6.32,15,105,12,32,76,5,15,28,44500,17,36038
6,36,3,17,25,12.5,7.25,18,126,16,35,86,8,17,37,60800,21,45823
1,13,0,11,20,20,17.54,18,122,12,30,76,6,6,32,58700,30,42209
1,2,0,0,15,15,9,18,31,10,16,14,4,4,4,68700,22,49741
5,19,3,10,2,4.4,4,17,125,14,31,72,6,14,29,58200,28,57199
3,5,2,3,25,9.33,12.6,18,45,13,33,37,6,15,15,64700,24,42281
5,6,3,4,10,10,8.83,16,40,11,29,32,5,13,13,94400,12,73092
2,16,0,8,25,20,10.38,18,128,14,35,74,6,6,32,55400,35,36724
3,14,1,8,16,14.67,10.36,18,100,13,33,69,6,15,28,42800,26,0
5,6,2,2,10,9,9.17,8,32,19,35,34,8,15,13,42400,0,36897
2,8,1,5,19,18,17.63,17,113,14,35,68,6,16,27,54500,47,0
2,20,1,10,11,10,7.35,17,129,13,32,78,6,15,32,50500,47,38049
8,19,6,13,9,9.5,7.89,21,110,14,35,69,6,17,29,72300,36,52548
6,11,5,7,7,5.33,4.27,16,81,13,33,50,6,15,20,58200,37,52548
2,10,2,9,12,11,8.6,16,114,13,26,61,6,12,26,65500,37,40093
4,4,3,3,10,8.75,8.75,15,29,12,24,24,5,10,9,108200,38,0
3,11,1,7,27,24,17.45,18,127,13,35,75,6,17,33,31800,22,30870
3,15,1,10,20,16.67,12.33,15,127,6,22,61,3,11,27,35600,2,35175
2,2,2,2,25,22.5,22.5,19,29,13,27,25,6,13,11,154200,40,0
1,25,1,17,12,12,14.44,21,130,12,30,84,5,13,31,65500,45,36845
2,2,0,0,25,22.5,22.5,18,32,14,29,26,6,6,11,62200,35,44526
4,4,2,2,11,9,9,15,23,13,24,23,6,11,9,70400,23,0
7,8,2,2,10,8.29,8.13,16,39,12,31,34,5,13,13,190600,45,50712
5,23,3,8,13,11,9.52,18,98,13,35,72,6,17,29,47200,29,0
2,18,0,7,10,8.5,6,18,129,11,29,72,4,4,27,57200,30,0
2,2,2,2,20,15,15,21,23,12,22,21,6,11,9,104500,29,64359
2,5,1,2,25,22.5,13.8,17,53,13,33,41,6,15,17,101700,23,70143
3,17,1,4,10,11,13,4,93,28,49,89,6,16,27,59000,39,54217
1,3,0,1,25,25,16.67,18,41,13,33,33,6,6,14,69900,30,0
5,14,4,12,7,6,5.21,17,122,10,27,54,5,14,26,122900,59,54178
2,7,1,4,15,15,10.57,20,85,13,33,50,6,16,22,54100,39,47682
3,9,0,3,12,13.33,9.33,19,102,13,33,60,6,6,25,41500,34,39603
6,6,4,4,7,5.5,5.5,16,29,13,26,25,6,12,10,76300,29,40929
1,1,1,1,20,20,20,21,21,10,17,15,4,7,6,53000,60,40929
2,11,0,7,20,19,10.95,15,119,12,32,70,5,5,30,39200,42,38519
7,34,5,21,5,3.57,3.37,17,117,7,22,57,4,14,30,0,0,0
4,23,2,10,7,5.75,5.96,23,81,11,33,60,6,17,25,26000,25,35911
3,9,1,5,30,23.33,15.56,15,73,13,35,57,6,17,22,39300,39,49614
2,2,2,2,20,12.5,12.5,16,28,11,23,22,5,10,9,32500,22,38578
3,4,3,4,15,9,8,20,41,12,31,33,5,13,13,58600,71,37823
2,2,0,0,20,15,15,15,31,11,25,23,5,5,10,66000,38,56348
4,4,3,3,10,10.5,10.5,16,24,14,24,25,6,11,9,16000,41,32072
5,20,2,11,6,5.8,4.8,18,119,13,31,72,5,12,27,38900,25,35944
1,3,0,1,25,25,25,26,56,11,27,36,4,4,14,110200,22,76187
2,3,2,2,5,20,15,6,28,20,33,31,8,15,13,26200,25,43216
2,6,1,3,15,13,6.5,19,100,12,30,47,4,11,17,101100,20,54137
2,4,0,1,16,13,8.5,18,52,12,27,35,6,6,15,81400,28,54137
4,8,4,4,5.4,6.6,6.18,16,44,14,34,40,6,16,16,89000,38,61805
2,2,2,2,15,9,9,21,28,10,21,20,4,9,8,374100,22,124851
7,10,5,8,10,6.57,6.1,17,53,12,30,38,6,16,17,156500,26,124851
3,3,3,3,10,10,10,16,24,4,9,9,2,5,5,89900,43,0
1,1,1,1,15,15,15,17,17,10,15,13,4,6,5,48100,41,40765
2,16,0,5,15,20,10.06,15,77,13,32,57,6,6,22,57000,36,39564
3,23,2,11,5,8.33,4.35,17,105,8,25,48,4,13,22,103300,2,46951
2,7,0,3,17,16,12.86,19,81,12,32,56,5,5,23,157600,37,66521
5,19,1,11,9,9.2,6,17,122,13,30,82,6,14,31,50500,10,35463
3,33,2,9,10,12.67,10.06,5,105,46,61,123,11,18,29,193800,13,36726
2,18,1,7,110,150,89.44,16,106,32,50,118,6,15,26,244200,25,44554
3,11,0,6,15,15,9.73,15,126,12,32,70,5,5,30,76200,36,56440
1,1,1,1,20,20,20,24,24,7,17,15,3,7,6,39300,42,35216
3,8,1,2,15,12.33,10.88,18,67,13,34,50,6,16,21,65900,38,43495
3,11,1,6,8,8.67,7.45,24,103,11,32,58,6,16,26,49800,22,43495
2,3,2,2,10,15,13.33,15,24,13,24,23,6,11,9,39600,32,0
4,6,1,1,10,8.75,8.5,18,28,11,24,24,5,11,9,51900,39,40275
5,11,2,4,10,6,5.27,16,81,13,33,50,6,16,21,39000,32,43703
1,5,0,2,15,15,9,20,65,10,28,42,4,4,16,42700,23,34980
1,1,1,1,25,25,25,15,15,8,10,10,3,4,4,55000,20,63171
1,1,1,1,20,20,20,21,21,10,17,15,4,7,6,85000,16,70769
4,6,3,5,15,15,14.5,18,32,7,14,15,2,6,6,94400,29,0
3,8,3,4,4,12,8.5,19,56,14,33,46,6,14,17,86800,25,65986
1,7,0,2,15,15,7.86,21,62,14,31,51,5,5,17,75800,33,0
2,6,1,1,15,13.5,12.83,19,52,12,34,47,6,17,20,92800,36,0
3,13,2,9,10,10,5.58,17,130,13,31,64,6,14,24,59500,37,48107
1,9,1,8,20,20,11.33,21,93,12,24,44,4,9,18,79200,40,0
1,6,0,3,15,15,11.5,20,74,12,26,47,6,6,19,50000,22,0
3,9,2,6,16,15.33,9.89,18,88,13,31,56,6,14,21,48700,27,40056
5,10,1,4,12,10.8,8.1,18,77,13,33,52,6,15,20,103800,44,53550
4,9,4,6,20,15.5,12.33,15,76,15,35,54,6,15,20,78600,26,0
3,6,2,4,17,19,14.67,20,52,14,34,46,6,15,18,87300,36,0
3,18,2,13,15,15.67,13.39,10,129,21,42,87,7,17,33,59100,25,51013
1,17,1,14,11,11,8.06,19,121,11,28,70,4,11,27,32100,30,0
3,3,1,1,10,10,10,22,32,11,25,24,5,11,9,82500,55,43918
4,4,2,2,7,8,8,15,29,14,25,25,5,10,9,46800,31,0
1,12,1,7,30,30,18.08,21,123,14,33,75,6,15,31,22500,30,33594
3,10,1,4,25,13.67,10.4,17,112,13,35,62,6,17,27,54800,34,38726
3,5,1,2,20,18.33,14,26,79,7,23,32,3,11,13,56700,45,0
4,27,3,17,12,7.5,4,17,122,6,22,69,3,12,28,39100,51,35789
1,9,1,5,15,15,11.67,21,75,14,33,57,6,15,22,29800,26,0
1,1,1,1,20,20,20,17,17,13,17,15,5,7,6,33100,32,42708
2,17,1,10,10,10,8.29,15,129,7,21,53,3,9,22,33700,27,37188
4,4,1,1,10,10.5,10.5,15,28,13,27,24,6,13,11,37900,30,35663
2,2,1,1,17,16,16,18,32,12,26,24,4,10,9,39100,28,27020
2,15,2,9,6,11,8.47,15,81,14,32,57,6,15,23,24100,32,0
2,2,1,1,24,17,17,17,28,13,25,23,6,12,10,37100,35,29065
5,7,3,4,5,7,6.43,16,44,13,33,36,6,15,15,69300,52,52774
3,4,2,2,10,10,9,17,30,12,26,24,6,13,11,62300,34,52774
3,10,1,6,12,12,8.3,18,113,12,31,58,6,14,25,112300,30,57340
5,29,5,18,5,5,8.79,15,113,12,32,81,5,15,30,69100,14,59535
4,19,1,7,22,21.75,14.16,18,110,14,36,78,6,17,33,65200,20,0
2,2,2,2,20,17.5,17.5,23,33,10,27,27,4,11,10,113900,32,62316
3,5,2,2,17,15.67,12.4,21,44,12,32,37,6,16,16,156500,51,95849
1,1,1,1,15,15,15,17,17,10,15,13,4,6,5,136400,41,95849
3,3,1,1,5,6.67,6.67,19,24,11,21,20,5,9,8,73300,11,55566
5,5,4,4,7,6.2,6.2,16,30,14,27,25,6,12,10,132900,18,85678
1,2,1,2,25,25,17.5,21,44,7,15,19,2,6,8,118200,24,0
5,16,3,8,10,10,8.94,24,81,12,34,59,6,17,25,0,30,0
2,2,2,2,15,10,10,21,29,10,21,21,4,9,8,54600,30,49976
1,1,0,0,15,15,15,20,20,8,14,13,3,3,4,57100,28,44164
3,3,3,3,15,15,15,17,29,13,26,25,6,13,11,73500,22,89205
2,6,1,4,25,22.5,12.83,18,75,13,31,52,6,15,20,43500,15,42040
2,5,0,2,22,21,17.4,18,88,12,29,50,5,5,20,38600,27,44507
9,11,4,4,15,10,10.55,7,33,15,28,33,3,8,7,56700,0,44779
1,30,1,18,10,10,5.2,17,130,12,30,76,5,13,30,56100,28,51624
2,3,2,2,22,16,14,25,29,11,26,25,6,14,12,35100,26,32351
2,8,1,6,20,20,17.13,17,81,13,33,61,6,16,23,128700,41,67135
3,16,2,7,21,10.33,6.81,15,88,10,26,58,3,9,20,68300,31,74033
3,15,2,9,11,10,6.67,18,95,13,34,68,6,16,25,46500,42,39341
4,4,3,3,13,12,12,15,27,15,28,24,6,12,10,43000,30,42081
4,6,2,2,15,16.75,15.33,18,28,13,26,26,6,13,11,48100,25,34000
11,34,6,14,8,8.18,7.82,6,77,25,44,75,11,22,29,48100,0,34000
9,21,7,16,10,8.44,6.9,16,81,15,34,65,6,17,25,57000,30,34609
2,15,1,9,18,17,11.07,16,130,14,35,77,6,16,31,68800,40,62380
2,20,1,9,10,8,6.55,16,66,13,34,58,5,15,22,63900,0,24084
8,21,4,12,30,26.88,19.52,15,115,14,33,74,6,17,32,68900,38,48817
4,12,0,5,8,6.5,5.25,18,105,13,33,57,6,6,25,70700,29,44748
2,21,1,11,10,10,7.14,20,112,7,21,54,3,9,19,36200,40,32959
2,2,2,2,15,12.5,12.5,15,28,10,23,21,4,10,9,43100,32,31893
2,5,0,2,17,16,12.2,17,83,11,23,28,5,5,12,38400,38,33298
7,10,4,5,10,12.14,13,23,41,12,33,40,6,17,17,52700,45,33298
5,16,2,7,10,11.4,9.81,8,130,19,40,63,7,17,24,53500,32,36089
2,26,1,7,11,11.5,10.23,7,93,42,64,110,11,22,33,34800,17,0
3,16,1,12,17,17,10.06,22,130,13,32,78,6,15,31,26200,25,26652
1,1,1,1,15,15,15,21,21,8,15,13,3,6,5,37300,41,0
4,7,3,4,10,8.25,7.86,16,44,9,22,29,5,12,12,78200,30,65242
4,5,3,3,13,13,11.4,19,43,13,33,36,6,15,15,86700,37,60865
4,7,3,4,15,13.75,11.43,16,57,15,35,46,6,15,17,103500,44,59141
6,11,4,7,7,8.17,6.55,20,57,13,34,47,6,16,19,99200,32,91820
7,23,5,13,20,25,18.48,18,128,14,34,84,6,17,34,149000,23,97638
0,17,0,6,5,0,11.24,5,105,35,35,95,6,6,27,123400,0,0
3,8,3,5,25,18.67,11.63,17,53,7,21,34,4,14,16,75300,37,41822
1,14,0,3,35,30,22.29,4,93,31,47,102,7,7,25,68900,11,40197
7,20,4,9,5,6.14,5.45,15,64,13,35,55,6,17,21,25800,23,21950
2,4,2,3,20,17.5,11.25,24,45,12,32,37,6,15,15,45700,27,33262
5,8,4,4,5,5.8,6.13,17,38,12,29,33,6,15,13,43800,31,0
3,4,2,2,10,7.33,7,18,28,12,25,23,6,12,10,62100,50,46244
0,5,0,1,18,0,37.2,27,59,26,26,68,5,5,18,60500,29,0
3,5,2,3,10,8.67,6.8,10,57,12,23,28,6,11,12,36300,34,34503
3,7,2,3,20,10,6.14,17,68,13,29,47,6,13,17,64200,45,47390
3,9,2,5,41,37.67,26.33,17,79,13,34,60,6,17,26,124700,22,42710
7,51,6,25,5,5.57,4.25,22,131,11,31,85,5,16,33,126900,29,43577
2,6,1,4,15,15,10.83,16,55,13,31,41,6,14,16,87200,29,0
2,5,1,3,25,20,12.2,24,113,12,31,53,6,15,23,133100,34,92252
1,1,0,0,50,50,50,15,15,8,10,10,3,3,4,178300,39,0
7,35,5,20,10,7.57,6.14,20,128,13,34,83,6,17,33,95200,19,0
3,17,1,4,6,8.67,5.41,4,98,29,46,82,8,15,28,64900,32,39604
3,17,3,8,50,38.33,18.18,16,89,12,33,67,5,16,26,101700,38,52954
1,1,1,1,25,25,25,16,16,11,16,13,5,7,6,83100,28,46809
3,13,0,3,0,7.33,6.62,14,81,18,37,64,6,6,22,79300,25,58973
5,14,4,11,5,7,7.29,16,81,13,31,63,5,13,22,97900,39,0
1,2,0,0,20,20,15,18,31,10,23,21,4,4,8,47700,31,0
3,10,1,6,7,7.33,7.1,20,87,12,32,57,6,15,22,130900,39,82448
9,12,3,4,5,6.11,5.67,18,57,13,31,36,6,14,14,117500,38,68180
1,19,0,9,12,12,8.11,18,130,11,29,75,4,4,28,67800,7,44684
4,6,3,3,17,15,13.33,17,40,13,34,36,6,16,15,67800,27,53324
4,17,2,7,16,15,13.82,18,88,15,37,84,6,17,26,38300,22,50000
9,22,5,12,11,9.33,7.36,17,75,14,35,59,6,17,25,72600,38,0
3,3,1,1,15,12.33,12.33,18,33,11,29,26,5,13,11,111300,39,45954
2,6,0,1,15,12.5,8.83,18,68,12,32,44,6,6,18,83600,47,43088
2,2,2,2,15,12.5,12.5,15,29,12,26,24,4,10,9,120900,30,0
4,12,2,5,20,18.75,13.25,24,89,11,32,61,6,16,23,110900,32,44059
4,9,3,4,8,6.25,5.78,21,40,12,32,36,6,16,15,51300,38,0
3,7,2,3,8,7.67,5.57,16,51,7,17,21,4,9,10,50800,28,0
2,9,2,4,15,14,11.22,15,90,12,30,55,5,13,21,72800,41,38661
3,29,2,16,10,6.67,4.21,20,130,13,35,78,6,17,33,81400,39,51641
9,36,4,17,12,10.89,8.89,18,121,13,33,77,6,17,33,77900,32,45000
3,4,2,2,15,21.67,20,18,32,13,32,31,6,15,13,0,0,2499
3,4,1,2,25,15,12,18,41,13,33,33,6,15,14,68100,32,44308
5,8,4,5,50,31.2,26.38,17,40,13,33,36,6,17,16,47700,28,39145
3,6,2,3,15,13,9,16,40,15,33,35,6,14,13,55400,39,36089
5,13,3,8,14,12.6,9.38,19,87,13,35,61,6,17,25,69600,35,41001
8,14,6,10,5,8.5,7.5,17,88,14,32,45,6,17,22,79300,40,41001
2,3,1,2,15,12,9.67,17,41,10,28,32,4,11,11,88700,43,66458
3,4,1,2,20,10,8.25,18,42,11,29,28,5,13,12,49100,37,36593
1,1,1,1,20,20,20,19,19,12,18,16,4,7,6,71800,32,46296
1,5,0,2,30,30,19.6,17,113,15,30,57,6,6,23,60500,23,40563
1,6,1,3,17,17,8.17,23,109,10,26,42,4,10,16,86600,35,64030
5,12,2,5,3,4.2,3.92,15,105,11,27,52,5,11,20,59300,36,51318
6,34,4,15,13,13.17,10.21,20,128,13,34,81,6,17,33,90100,22,56711
5,32,4,20,14,12.8,9.69,21,127,22,42,107,11,22,46,103300,19,44032
5,16,4,7,6,6,5.5,19,81,13,33,62,6,16,24,49800,22,36469
3,23,1,8,10,8,5.43,26,105,9,30,62,4,14,25,54600,31,37429
2,3,0,1,20,20,15,17,40,12,32,32,6,6,14,71900,32,37386
1,12,0,7,15,15,7.58,26,126,9,25,64,4,4,25,69900,40,37068
1,5,0,3,25,25,11,24,91,12,28,53,6,6,21,74200,38,52145
3,10,3,8,15,14.67,13.4,18,39,6,14,16,2,6,7,88100,19,0
7,9,5,5,20,12.57,14.78,16,29,15,28,28,6,13,11,55800,24,0
4,9,3,6,15,5.75,6.11,18,88,15,32,50,6,14,21,67500,51,43996
2,23,1,10,3,4,4.65,19,128,10,27,66,4,11,26,63800,21,0
6,8,4,6,5,4.17,3.88,16,44,14,34,37,6,15,15,99100,0,57042
2,18,2,9,25,22.5,23.39,16,126,16,34,76,6,15,31,98800,45,46194
3,9,2,6,15,11.67,8.56,24,105,11,32,57,6,16,23,114900,33,67682
2,3,1,2,10,17.5,18.33,19,44,14,32,37,6,14,14,110400,29,68782
1,1,1,1,15,15,15,16,16,11,16,13,4,6,5,139000,36,81869
4,13,2,7,7,6,6.38,18,118,13,28,63,6,13,24,65600,26,51759
2,2,2,2,20,12.5,12.5,17,20,13,21,19,6,10,8,85200,35,51759
1,1,1,1,20,20,20,21,21,10,17,15,4,7,6,156800,31,83599
2,5,2,5,20,20,13.8,24,76,11,28,53,6,14,20,78500,34,0
1,5,0,0,50,50,68.8,10,18,36,41,39,6,6,7,86300,38,46518
6,15,4,6,8,9.17,7.93,15,65,14,35,54,6,17,22,215800,40,0
4,18,3,12,10,7,6.22,18,109,13,32,74,6,15,32,78600,48,0
5,8,3,4,8,8.4,6.75,18,53,13,32,43,6,15,17,67600,59,44070
2,12,1,8,10,12.5,9.67,16,109,12,32,69,5,14,29,90600,34,59039
3,11,1,5,20,20,17.09,23,113,12,34,71,6,17,31,54700,33,29149
4,28,2,15,13,11.75,7.97,18,128,12,33,84,5,15,33,64900,42,44036
3,14,1,5,10,7.33,6,18,74,13,34,59,6,16,25,57200,16,34422
5,10,2,4,12,10.8,9.4,15,51,13,35,43,6,17,19,78500,37,34422
1,2,0,1,15,15,12.5,26,41,9,27,28,4,4,11,202600,38,60419
1,12,1,4,28,50,32.42,7,111,42,61,140,9,19,36,202600,0,60419
2,5,1,2,18,17.5,12.4,26,56,10,29,40,5,15,17,171100,40,85679
1,1,1,1,15,15,15,17,17,10,15,13,4,6,5,65000,0,52203
2,6,0,1,20,15,12,18,49,13,32,39,6,6,15,109400,35,82752
5,12,4,10,5,4.4,3.75,15,76,12,31,46,5,13,19,152800,26,0
6,16,4,8,3,7.83,6.75,5,92,13,30,45,5,14,15,123900,78,0
7,22,4,8,15,13.29,12.32,18,75,25,46,96,11,22,35,141600,55,49306
4,12,3,7,10,9.25,6.92,20,113,12,30,66,6,14,25,83500,48,38307
1,1,0,0,25,25,25,15,17,8,10,10,3,3,4,70500,33,37250
3,10,2,7,10,15,12.2,20,92,13,34,58,6,16,23,68400,34,0
2,2,2,2,16,13,13,17,24,14,25,23,6,11,9,60100,39,36349
4,7,3,4,31,27.75,26.57,18,44,13,33,40,6,17,17,108100,37,70893
1,3,0,1,25,25,21.67,24,73,11,27,46,6,6,18,59200,27,33830
4,10,3,5,20,11.75,10.8,17,63,13,32,50,6,16,20,101700,28,39564
1,2,1,1,6,20,13,15,17,13,18,16,4,6,5,78200,24,31322
1,15,0,10,12,12,8.27,26,129,5,16,48,2,2,17,80500,32,49243
5,18,3,11,8,8.8,7.39,15,81,11,32,62,6,17,25,164700,40,66452
4,7,3,4,15,14.25,11,15,43,13,33,38,6,16,16,134500,38,66452
1,3,1,1,15,20,13.67,16,21,24,31,31,4,7,8,87100,26,58689
8,20,4,8,5,5,5.05,9,91,24,44,89,9,18,33,100400,44,42091
4,11,3,7,15,20.25,17.09,20,110,15,36,70,6,17,30,130400,40,50221
3,7,2,4,25,21.67,16.71,16,92,14,31,52,5,12,20,124700,31,51062
4,7,3,4,10,13.5,9.86,15,41,14,32,33,6,15,14,62900,32,25833
2,11,2,9,20,18,14.82,18,110,13,35,71,6,17,30,50600,25,31063
3,6,1,2,15,12.33,9.67,19,75,11,28,40,5,13,17,69700,0,0
2,13,1,7,14,12,10.62,26,131,9,30,63,4,14,29,65700,34,0
1,1,1,1,20,20,20,17,17,10,15,13,4,6,5,54400,27,0
1,12,0,6,25,25,17.83,26,89,11,28,59,4,4,21,118100,34,0
7,8,6,6,5,5.71,5.75,21,32,12,29,29,6,15,13,116100,40,62385
4,14,2,8,11,10.5,8.71,18,75,14,34,58,6,16,22,89100,41,0
2,21,1,5,10,10,9.43,5,57,45,65,85,7,16,20,155700,37,40104
7,18,4,9,25,20.29,20.94,18,111,14,33,72,6,15,29,111700,38,60093
6,13,6,9,5,7,5.69,16,76,13,31,54,6,15,21,168100,42,49693
7,18,4,10,5,5.43,4.5,15,124,14,30,64,6,14,28,53800,49,0
3,20,1,15,10,9.33,5.3,17,125,13,32,76,6,14,30,147500,41,36193
1,1,1,1,20,20,20,16,16,12,17,14,5,7,6,115800,31,0
4,4,2,2,12,9.5,9.5,15,28,13,25,24,6,11,10,98400,39,47597
3,27,2,13,5,5,5.07,15,104,13,32,71,5,13,26,203000,47,53051
1,1,1,1,23,23,23,15,15,8,10,10,3,4,4,100900,37,36607
8,48,5,15,15,15.38,12.92,4,101,39,57,131,11,22,33,61700,29,37270
3,5,1,2,15,15,11.6,19,45,13,30,35,6,14,14,247900,31,0
3,4,1,2,15,13.67,11.5,18,41,11,31,33,5,14,14,94800,25,0
7,17,4,9,4,4,3.41,15,91,7,20,44,4,10,17,94800,29,0
2,4,0,1,25,20,14,18,56,15,35,43,6,6,16,46300,36,28846
5,6,3,3,10,9,8.33,15,39,12,32,32,6,15,14,118800,29,31973
4,11,2,5,20,17,13.18,17,76,14,35,56,6,17,24,257800,13,32768
3,3,2,2,15,15,15,22,31,12,27,24,6,13,11,171300,9,32768
3,3,2,2,7,7.33,7.33,18,23,12,22,20,6,11,9,589800,29,89960
7,26,5,13,5,6.57,5.35,19,76,11,26,55,6,16,23,572700,38,0
6,9,4,5,5,5,5,17,41,12,33,36,6,17,16,440900,25,66039
1,7,1,4,10,10,11.14,16,55,29,49,63,6,15,17,443500,15,0
2,9,1,5,15,16,13.56,16,75,14,35,57,6,16,22,355000,19,63659
5,8,2,3,10,7.4,7.13,17,52,12,33,40,6,16,17,208900,8,48596
4,4,3,3,10,8,8,17,33,12,27,27,6,13,11,247600,42,0
3,16,2,5,30,16.67,12.31,8,75,32,53,88,8,18,26,362600,20,66971
3,8,1,2,17,17.33,12.63,17,68,13,35,53,6,17,22,364500,12,42450
5,5,2,2,15,16,16,19,32,14,29,29,6,13,11,590700,35,81394
6,36,6,23,6,6,5.56,21,122,11,29,76,5,15,32,252100,35,38929
2,2,1,1,40,32.5,32.5,17,28,13,27,24,6,13,11,495600,31,86002
8,12,5,7,5,6,5.5,9,40,18,37,41,7,17,16,504500,36,0
3,4,2,2,17,17.33,15.5,16,33,15,34,32,6,15,13,500000,35,86256
2,8,1,3,25,37.5,26.88,5,54,19,41,51,8,19,21,344300,24,0
8,33,4,16,3,4.13,3.11,12,128,20,42,81,9,20,35,320000,27,54483
3,6,1,3,20,13.33,11.67,22,64,12,31,49,6,14,18,294100,29,47073
1,2,1,1,6,23,14.5,15,17,12,17,15,5,7,6,242400,21,47073
5,19,0,7,10,10,8.63,19,119,13,35,69,6,6,27,202400,21,0
4,7,1,2,19,17.75,12.86,19,64,13,34,47,6,16,19,233900,16,40640
5,13,2,5,10,10.6,8.62,15,81,12,31,57,5,14,22,564900,29,122685
6,7,3,3,7,5.33,5.43,17,28,14,27,25,7,13,12,418300,0,105701
2,13,0,3,20,27.5,28.92,5,65,30,52,79,8,8,26,439200,0,86116
10,44,8,25,4,4.7,5.86,15,126,10,30,80,5,16,32,155300,6,35841
8,15,7,11,6,6,5.47,15,56,9,26,39,4,13,16,0,26,0
3,10,1,6,18,16.67,12.2,25,68,12,34,54,6,17,23,383300,13,0
2,2,0,0,15,10,10,15,28,8,18,18,2,2,6,417800,32,73833
1,1,0,0,20,20,20,20,20,10,17,15,4,4,6,201600,41,64942
4,18,1,14,5,5,4.83,17,116,10,28,66,4,12,28,216300,32,67986
2,2,2,2,15,12.5,12.5,22,29,10,24,22,4,10,9,67500,56,0
4,6,3,4,10,7.25,6.5,19,38,12,32,33,6,15,14,367300,37,89546
4,6,1,2,20,21.25,19.17,15,41,14,34,37,6,15,14,267400,34,89546
10,29,7,14,5,12.6,11.72,18,69,14,33,58,6,17,23,204800,38,0
5,10,2,4,10,9.6,7.9,15,76,13,32,55,6,15,21,198900,29,31050
3,32,2,10,25,25.33,25.84,10,104,30,52,122,6,17,30,247300,32,72198
4,6,3,4,10,15,13.33,16,44,16,35,41,6,15,15,564300,43,0
3,8,2,4,50,58.33,30.75,24,69,12,32,54,6,17,24,562600,30,65906
6,9,4,5,50,34.17,32.22,20,54,13,33,45,6,17,19,369400,28,65906
2,6,1,3,10,12.5,9.17,15,53,10,22,33,5,11,12,248100,10,35110
2,2,1,1,25,17.5,17.5,16,20,22,27,27,10,12,12,550100,22,82540
3,4,0,1,15,11.67,10,26,42,9,28,29,4,4,12,399200,22,97052
2,4,1,2,50,30,18.75,18,28,14,28,26,6,13,11,537200,29,0
2,4,0,2,28,17.5,10.75,17,53,14,31,37,6,6,14,241300,31,52608
6,12,4,7,25,25.83,24.17,4,79,26,47,97,10,21,31,259600,31,79646
9,41,4,18,18,17.44,12.15,5,126,31,53,127,9,20,36,242100,28,83472
1,4,0,2,20,20,11.75,25,67,4,17,36,2,2,13,323100,23,0
6,43,6,25,5,5.83,6.16,18,126,19,40,100,5,16,34,352800,36,92525
5,7,2,2,4,4.4,5.14,18,35,12,28,27,6,13,11,183800,18,0
3,9,2,4,10,15,11,18,68,13,34,55,6,16,21,239200,15,0
3,3,2,2,25,21.67,21.67,22,27,13,27,25,6,13,11,242300,24,0
2,8,1,5,15,13,10.38,18,67,13,34,51,6,16,21,319400,37,68282
4,11,3,9,15,13.75,10.82,19,124,14,35,70,6,16,29,217100,20,54217
2,4,1,2,20,20,15.5,25,43,11,33,37,6,17,17,195300,32,65740
0,1,0,0,450,0,450,23,23,25,25,38,6,6,8,206700,24,65740
2,2,1,1,36,36,36,26,33,11,28,26,5,13,11,179500,26,41190
2,11,1,6,20,20,16.82,19,86,13,35,66,6,17,25,323300,28,0
2,5,0,1,25,23.5,19.4,18,63,13,34,52,6,6,20,320900,24,87748
3,3,1,1,16,12,12,20,33,10,27,26,4,12,11,323700,31,95596
1,1,0,0,20,20,20,19,19,9,13,11,4,4,5,450700,19,93607
3,3,3,3,15,16.67,16.67,16,29,14,28,25,6,13,11,327300,31,75731
2,12,0,4,10,10,8.42,17,125,7,20,43,3,3,17,516400,31,0
3,20,2,12,6,9.67,8.95,18,101,10,27,63,5,15,26,267900,36,62824
1,1,1,1,20,20,20,15,15,8,9,9,3,4,4,320600,31,0
1,1,1,1,15,15,15,21,21,7,13,11,3,6,5,221500,29,33927
3,6,2,2,219,79.67,122.17,6,29,30,44,48,6,13,11,139800,22,43964
5,31,3,17,9,10.4,6.55,24,122,11,33,77,5,16,31,161300,6,0
1,3,0,1,25,25,19,18,53,13,30,39,6,6,16,218200,33,64110
3,5,2,3,25,15.33,15.2,18,41,13,33,35,6,16,15,343100,14,79042
3,17,2,12,15,13.67,9.94,7,129,19,37,79,5,14,28,343100,24,0
6,12,4,7,6,5,4.5,17,57,12,32,50,6,17,19,199300,0,0
7,41,3,18,11,12.57,10.41,16,130,13,32,76,5,16,32,174500,12,58078
1,1,1,1,20,20,20,24,24,7,17,15,3,7,6,194300,25,0
2,6,2,4,15,15,10.83,23,41,12,31,37,6,15,15,199300,11,58078
8,9,3,3,6,6.75,6.67,17,32,14,32,30,6,15,13,229400,28,0
3,22,1,15,15,12.67,9.68,26,126,10,31,72,5,15,31,195100,23,50606
3,16,2,7,12,10.67,7.63,15,123,15,36,71,6,16,31,130500,26,0
1,1,1,1,20,20,20,23,23,8,18,16,3,7,6,185100,22,0
1,17,0,12,22,22,12.12,15,129,12,30,70,5,5,31,270700,16,53625
3,8,3,6,25,12,8.25,24,56,7,23,35,4,12,15,390500,0,87122
2,8,1,4,35,12.5,23.13,9,57,24,43,73,4,13,17,205100,33,55005
2,3,2,3,20,18,15.33,23,40,12,31,34,6,16,15,210500,0,0
7,27,5,19,5,5,5.26,17,130,14,33,88,6,17,34,196700,44,0
4,13,2,6,10,9,6.92,22,93,12,27,55,6,13,21,234600,48,78203
3,20,1,14,5,5,5.15,18,119,12,29,73,5,12,30,131600,18,0
1,2,0,0,22,22,21,16,40,12,29,31,6,6,13,147800,30,37530
6,11,5,7,5,5,5,15,65,12,32,49,6,16,20,152200,48,0
2,7,0,2,42,41,23.86,18,75,13,35,57,6,6,22,144700,46,0
7,10,3,3,7,6.71,5.7,18,52,8,26,28,4,13,12,117000,11,31712
3,3,2,2,25,21.67,21.67,16,32,17,33,33,6,13,11,118500,32,0
5,7,4,4,10,7.6,7.29,15,33,14,30,28,6,13,11,108800,47,38438
6,13,3,8,5,5,3.46,16,122,13,32,55,6,14,24,354000,37,87416
2,5,2,4,32,29.5,22.8,25,57,13,34,48,6,17,20,188100,36,87416
1,1,1,1,15,15,15,17,17,11,16,14,4,6,5,294700,35,0
5,7,4,6,10,7.8,7,16,45,12,33,39,6,16,16,154600,33,41929
2,20,1,8,20,17.5,10.6,22,130,13,34,75,6,16,31,197600,41,45864
1,1,1,1,25,25,25,22,22,10,16,14,4,7,6,172800,30,51240
5,25,2,12,7,5.8,5.24,21,119,12,30,79,5,13,32,150000,35,51240
5,6,2,3,10,8.6,8,19,41,14,34,37,6,15,14,180900,37,0
3,10,0,5,35,31.67,22.2,19,125,13,35,71,6,6,31,232500,33,54152
7,18,6,11,10,19.29,15.56,18,69,13,34,61,6,17,24,227800,41,55139
1,1,1,1,15,15,15,17,17,10,15,13,4,6,5,160600,42,0
1,8,1,4,12,12,11.63,16,51,14,35,44,6,16,19,184100,39,0
5,21,2,9,22,18.4,14.81,19,97,13,35,71,6,17,28,279900,51,50607
2,3,0,0,20,17.5,15,25,31,11,27,25,6,6,12,199000,31,50607
1,1,1,1,20,20,20,24,24,8,18,16,3,7,6,237500,38,48772
4,8,3,5,10,14.25,12.38,19,56,8,29,43,4,15,18,198800,46,48361
1,4,1,4,16,16,9.75,21,57,5,20,37,2,8,12,275000,45,40149
3,14,2,10,18,14,13.14,26,112,12,34,60,5,16,25,297700,32,56402
1,5,1,4,75,75,70,21,74,16,36,72,6,16,23,291500,25,38563
1,28,1,15,10,10,5.29,20,127,11,27,75,4,10,28,224200,36,66798
3,3,2,2,30,35,35,15,29,24,36,41,9,14,14,267000,16,71604
1,1,0,0,20,20,20,16,16,12,17,14,5,5,6,211100,31,78995
3,9,1,3,16,14.67,9.89,17,65,13,34,52,6,16,20,337000,17,110715
5,6,3,3,10,15,14.17,18,29,13,27,25,6,13,11,0,56,0
3,12,2,7,10,8.33,8.42,20,125,13,31,70,5,13,29,96700,0,0
6,14,4,7,8,6,4.71,17,122,11,32,64,6,16,25,77000,35,30655
4,4,3,3,15,11.25,11.25,24,33,10,25,25,6,14,12,102600,23,57139
2,6,0,1,30,27.5,17.5,17,97,12,30,56,5,5,17,131400,37,0
2,5,1,2,20,25,22,18,57,13,33,46,6,16,20,91600,18,0
2,27,1,12,10,11.5,10.81,7,90,38,56,120,9,18,30,118700,0,0
1,3,1,1,15,15,12.33,19,42,10,27,30,4,11,11,117800,22,60641
4,4,2,2,7,6.75,6.75,17,32,13,29,27,6,13,11,90300,28,50667
11,54,5,25,13,12.09,9.46,18,129,12,34,91,5,16,35,64100,26,42699
2,7,0,2,16,15,11.14,18,72,12,30,50,5,5,18,116700,56,42699
4,25,2,13,5,13.75,6.04,6,122,15,37,71,7,18,29,134800,28,44829
4,6,3,4,10,10.5,9.67,16,45,8,26,33,4,13,14,118500,32,0
1,2,1,2,33.01,33.01,25.68,18,40,13,29,34,5,12,14,216500,0,0
1,1,1,1,20,20,20,17,17,10,15,13,4,6,5,211300,34,70685
3,16,1,4,36,40.67,22.56,18,105,22,42,86,9,20,31,121500,33,44440
1,1,1,1,20,20,20,23,23,9,19,17,3,7,6,97800,41,37053
2,7,1,5,15,15,13,19,76,13,34,56,6,17,23,71300,56,24950
6,21,5,11,5,6,5.71,15,65,23,39,63,5,14,21,112500,34,24950
2,13,1,10,26,25.5,14.08,19,126,13,32,74,6,15,32,148300,39,0
3,3,1,1,14,12,12,15,25,11,23,20,5,10,9,130900,35,39476
6,32,3,10,5,6.67,8.97,6,78,33,54,107,8,19,29,173300,31,34402
2,16,1,6,17,16.5,11.44,17,77,14,35,62,6,17,24,111500,46,42102
2,4,2,2,8,5.5,6.5,15,29,10,22,25,4,9,8,207400,0,0
4,6,3,3,6,17,13.17,18,39,13,30,32,6,16,15,125900,28,66117
1,15,0,8,12,12,6.27,26,131,9,25,67,4,4,25,243300,29,47580
7,17,5,10,3,7.14,5.71,15,81,13,30,59,6,16,23,213000,16,47580
10,52,7,26,5,5.1,4.75,20,118,26,45,131,11,21,51,225700,33,0
1,2,1,1,25,15,20,19,21,13,20,17,6,10,8,339300,27,79882
3,12,1,7,10,7.33,6.42,15,96,11,26,62,4,11,30,285400,42,80224
5,11,3,6,31,25.6,17.27,16,89,15,37,62,6,17,24,255600,38,0
1,3,0,0,30,30,20,21,43,13,33,38,6,6,16,588600,36,0
7,16,4,12,11,8,9.13,18,105,17,38,74,7,18,29,450000,0,101793
2,2,2,2,15,12.5,12.5,16,29,14,27,26,4,10,9,190900,35,0
5,12,3,6,26,26.2,19.83,16,74,14,35,58,6,17,24,105800,50,69288
1,7,0,3,16,16,13.14,18,89,13,32,56,6,6,23,240000,28,46867
2,2,2,2,15,10,10,15,29,10,22,21,4,9,8,226300,26,80552
1,2,1,2,15,15,12.5,15,51,9,16,25,4,7,10,300900,25,67216
1,8,0,5,47,47,40.75,7,112,15,28,63,7,7,27,243800,29,0
1,9,0,7,17,17,12.67,26,123,9,26,66,4,4,25,420600,25,92510
2,4,1,2,20,20,16.5,25,76,11,31,41,6,15,17,581100,43,92510
5,25,5,17,11,13,11.28,21,125,13,32,83,6,17,31,235600,43,52792
3,23,2,11,17,15.33,8.48,16,128,8,24,72,4,14,30,238000,56,93247
1,2,1,1,6,15,10.5,15,16,12,17,14,4,6,5,196700,69,93247
1,1,1,1,20,20,20,17,17,13,18,16,5,7,6,301800,31,74492
2,16,1,8,15,14,9.63,20,90,13,32,66,5,14,23,227800,24,50882
1,1,0,0,20,20,20,15,15,10,14,12,5,5,6,185700,19,41531
1,10,0,4,25,25,13.7,18,81,13,35,62,6,6,25,181800,17,44975
1,1,1,1,50,50,50,20,20,11,18,16,5,8,7,460100,32,82711
3,11,2,7,15,14,10.09,15,113,12,28,64,5,12,26,291700,39,0
2,6,0,3,15,15,9.67,15,81,11,27,47,4,4,17,204300,24,0
4,23,2,11,10,12.25,9.26,4,80,13,34,65,6,16,24,214300,0,0
4,21,1,9,4,12,8.1,15,130,14,34,75,6,16,31,216600,0,0
3,4,0,0,25,23.33,22.5,17,40,14,36,38,7,7,17,0,0,0
1,18,1,12,10,5,7.61,18,127,8,27,67,4,13,28,168500,15,0
12,19,6,11,6,5.5,5.11,6,45,22,44,54,9,20,21,178800,23,0
2,6,2,3,3,7.5,5.67,6,21,21,28,26,7,11,9,222300,18,0
4,7,2,3,100,75.5,53.86,15,69,30,49,76,6,16,21,288500,25,0
4,6,3,4,19,16.75,17,25,41,11,33,35,6,17,16,243900,16,0
2,2,2,2,20,20,20,23,32,11,20,18,4,9,8,366300,16,0
4,11,2,6,3,4,4,15,76,11,30,51,5,13,19,214900,33,0
0,16,0,7,18,0,11.19,26,99,26,26,83,5,5,25,177100,30,0
5,16,4,11,10,10.8,7.84,16,130,14,34,75,6,15,29,232200,37,80929
3,26,1,12,10,10,9.5,15,123,14,34,78,6,15,30,227900,46,80929
3,7,1,3,5,6.67,6.71,19,85,10,21,45,4,8,15,284200,34,80929
4,15,3,8,15,14,10.8,18,101,9,26,50,4,13,19,217000,22,0
2,2,1,1,15,15,15,22,28,11,24,23,4,10,9,230600,33,60392
3,3,2,2,12,10.67,10.67,15,26,11,24,21,5,11,10,190500,14,47642
7,21,6,15,5,5,4.62,17,113,11,30,70,6,17,29,195100,31,45590
7,16,6,10,5,4,3.25,21,92,11,27,47,5,14,20,223800,37,0
7,21,4,11,7,5.57,5.95,16,120,13,34,71,6,17,32,218600,31,71994
2,5,1,3,15,14,9.4,21,68,10,25,45,4,10,16,196800,27,77112
1,6,1,5,16,16,10.67,21,109,10,26,56,4,10,25,582800,27,120743
5,16,4,7,5,5,4.44,15,80,12,30,64,3,12,18,295300,46,64712
4,6,2,3,15,14,11.67,18,44,12,26,31,6,15,15,62100,14,28578
3,5,1,2,20,17.33,14.8,16,53,14,32,40,6,14,17,54600,14,25125
6,17,5,14,10,7.5,6,16,97,14,34,71,6,17,27,94600,24,50461
5,18,2,11,15,14.8,9.06,18,125,13,35,77,6,17,33,71400,40,31635
5,5,5,5,25,25,25,22,33,13,31,31,5,14,12,69900,31,45681
3,3,2,2,25,18.33,18.33,23,33,17,32,44,7,14,17,346100,41,57132
1,1,1,1,20,20,20,24,24,7,17,15,3,7,6,196200,38,55447
4,17,1,9,10,11,8.65,15,127,9,22,47,4,9,19,172400,48,47239
3,3,2,2,15,12.33,12.33,16,33,12,30,27,5,13,11,128300,55,47239
5,5,2,2,10,8.8,8.8,15,28,14,27,25,6,12,10,128600,28,44499
1,1,1,1,15,15,15,17,17,10,15,13,4,6,5,84800,48,0
5,20,2,11,9,7.8,6.3,19,129,12,29,75,5,12,30,116100,17,0
7,9,6,7,13,11.29,10.44,16,41,9,29,37,4,15,15,150000,32,40589
3,8,2,4,18,16.67,12.88,17,67,14,35,53,6,16,21,148500,24,38695
6,11,2,4,3,4.17,4.09,18,75,14,34,48,6,15,19,115800,34,0
3,16,1,10,10,12.67,8.63,15,125,12,33,73,5,15,31,72800,50,35464
0,1,0,0,25,0,25,20,20,7,7,9,4,4,5,63300,24,39380
7,9,2,4,8,6.43,6.11,17,41,12,33,36,6,16,16,90500,37,47896
1,1,1,1,25,25,25,20,20,11,18,16,5,8,7,143700,22,71463
1,1,1,1,23,23,23,21,21,10,17,15,4,7,6,189700,35,48244
2,7,0,5,16,15,9.86,18,104,11,27,54,4,4,23,596500,33,110085
6,9,4,6,4,4.17,4.11,18,40,13,28,30,6,14,13,319700,24,0
3,13,3,11,12,10.67,9.85,18,102,13,33,66,6,15,27,579100,40,163017
4,13,2,5,6,10.5,10.31,16,91,14,34,59,6,17,25,500000,33,0
2,2,1,1,15,10,10,20,33,10,25,23,4,10,9,447400,27,0
5,14,2,7,10,4.6,4.57,17,65,13,35,53,6,17,23,405100,43,0
6,11,3,5,12,11.67,10.64,16,56,15,36,47,6,17,19,528300,34,82090
5,7,3,4,14,12.6,11.29,18,41,12,32,36,6,17,16,369300,28,0
3,20,1,8,15,16.67,13,6,128,21,43,103,10,21,45,276600,13,71862
2,4,1,2,20,20,18.75,21,41,26,47,54,6,16,15,409300,18,0
2,2,2,2,20,12.5,12.5,16,24,12,23,21,6,11,9,265300,15,49835
2,45,1,14,20,18.5,13.07,20,133,18,39,106,8,18,38,308100,39,0
4,4,2,2,14,12.75,12.75,18,33,11,30,28,6,15,13,280700,35,66359
4,28,3,16,10,7.5,3.25,25,130,12,32,74,6,17,32,324200,22,0
1,2,1,1,25,25,17.5,21,42,13,30,32,6,13,12,336500,18,73564
7,10,3,5,10,7.29,6.2,18,45,13,35,40,6,17,17,336500,18,73564
2,15,1,7,15,12.5,16.07,27,93,7,15,36,2,6,16,337000,18,0
8,22,3,11,5,5,4.5,18,105,13,35,71,6,17,28,0,32,29073
2,2,1,1,17,16,16,18,34,10,24,23,4,10,9,55000,14,32061
2,4,0,1,15,15,11.5,18,56,11,30,38,5,5,15,582900,22,63972
3,4,2,2,35,30,28.75,17,38,13,33,36,6,17,16,476900,19,80063
3,16,2,6,14,12,9.56,16,89,29,48,89,5,15,25,272300,17,73909
1,1,1,1,20,20,20,15,15,10,14,12,5,7,6,284100,11,73909
1,7,1,6,15,15,11.86,16,79,14,33,56,6,15,22,416900,31,109271
2,3,0,1,15,15,11.67,18,38,10,29,28,4,4,12,579500,29,149167
1,15,1,9,13,13,6.4,17,126,12,28,67,4,11,28,229200,25,77380
3,5,0,1,20,11.67,9.6,17,38,13,32,32,6,6,13,152500,36,74947
1,1,1,1,15,15,15,18,18,11,16,13,4,6,5,272500,35,0
2,6,0,3,25,22.5,14.17,18,105,13,34,56,6,6,25,286900,31,105037
3,17,2,12,13,13,7.24,20,128,13,34,75,6,16,31,298200,35,75023
6,10,5,6,5,5.33,4.6,17,40,12,30,33,6,16,15,220500,27,75023
9,14,6,7,5,6.33,5.71,16,40,16,36,39,6,16,15,233200,30,0
2,2,2,2,30,27.5,27.5,18,24,15,26,24,6,11,9,174900,29,0
1,1,1,1,23,23,23,17,17,11,16,14,5,7,6,209400,36,65614
2,8,2,6,20,17.5,13.38,23,53,12,34,46,6,17,20,528700,41,121055
5,7,3,4,13,12,11.71,16,41,14,34,37,6,15,14,402600,36,121055
3,4,2,3,20,14,11.75,24,38,12,33,32,6,16,15,87500,36,0
2,12,0,7,21,21,14.25,17,92,13,32,65,6,6,25,525600,35,134096
3,3,1,1,50,33.33,33.33,18,27,13,27,24,6,13,11,389900,41,134096
1,1,0,0,15,15,15,16,16,11,16,13,4,4,5,191100,35,66737
3,9,3,7,15,15,15.56,20,110,13,32,61,6,16,27,389800,27,104720
5,8,4,6,15,17.4,15.38,24,44,13,33,38,6,17,17,336500,31,83076
3,20,3,10,10,7.33,4.95,17,63,14,32,58,5,15,23,221300,23,83076
5,23,3,14,5,3.8,3.15,15,124,12,33,69,5,15,30,160900,26,50434
2,9,2,5,10,21,14.78,18,119,13,31,68,6,15,28,205700,41,68342
3,3,2,2,20,20,20,16,24,15,26,23,6,11,9,285400,38,101339
2,6,2,2,19,15,15.67,13,29,26,39,50,5,11,10,201200,35,0
3,4,3,3,11,7,6.75,18,29,12,25,22,6,12,10,136700,35,0
7,11,5,6,14,11.29,9.91,17,44,12,32,35,6,16,15,81300,14,0
1,21,0,8,17,17,11.86,18,93,13,30,67,6,6,25,335700,23,71523
3,6,2,4,40,30,20.83,18,52,14,33,44,6,15,18,333300,25,105465
0,1,0,0,15,0,15,23,23,8,8,13,3,3,5,581300,37,105465
10,29,7,17,3,3.4,4.43,17,105,13,34,71,6,17,28,232200,21,0
2,5,2,3,25,20,18.2,18,56,13,33,46,6,15,19,342200,17,119065
2,9,2,7,50,50,39.44,16,102,13,35,69,6,17,29,177800,27,42955
5,10,2,3,15,10.2,8.7,17,64,14,32,50,6,15,20,265600,43,0
2,7,2,4,15,12.5,9.86,24,81,10,27,51,5,12,20,241900,37,0
4,11,2,8,20,18,13.73,15,77,13,32,60,6,17,24,414300,35,91320
4,18,4,13,10,8.75,6.44,18,103,8,24,46,4,12,18,322300,30,77213
4,4,2,2,10,8.75,8.75,18,29,13,26,26,6,12,10,242900,38,78418
1,3,0,2,20,20,14.67,15,44,9,24,30,3,3,11,296100,28,78418
3,3,2,2,9,9,9,19,29,12,26,23,6,12,10,290700,42,59961
1,2,0,0,25,23,24,7,16,17,22,19,6,6,7,554400,28,0
1,13,0,8,13,13,7.08,15,100,7,15,38,2,2,17,217600,24,0
1,1,0,0,20,20,20,19,19,10,17,15,4,4,6,476400,23,0
1,3,1,2,15,15,10,21,44,10,27,32,4,11,12,239400,18,79853
1,4,1,4,17,17,13.5,21,86,10,23,47,4,9,18,367600,34,68804
1,1,0,0,15,15,15,20,20,10,17,15,4,4,6,255400,17,68804
3,11,2,8,13,13,9.73,16,89,14,35,64,6,16,25,563300,34,153945
2,2,2,2,15,15,15,24,36,9,28,27,4,12,11,218800,33,0
2,8,0,2,15,17.5,8,17,105,13,33,52,6,6,22,127900,6,57730
4,17,2,6,15,12,20.18,18,69,13,35,63,6,17,24,215900,28,0
2,2,2,2,15,12.5,12.5,17,24,12,23,21,6,11,9,274100,27,82099
1,1,1,1,23,23,23,17,17,11,16,14,5,7,6,351400,31,0
3,12,2,8,17,15.67,14.33,20,75,13,35,62,6,17,24,140100,5,62712
2,5,1,2,20,20,13,18,53,13,32,42,6,15,18,257700,33,0
5,8,2,4,10,8.2,6.75,15,44,12,31,38,5,14,15,315600,19,110423
1,3,1,1,15,15,15,11,24,24,34,36,3,7,6,294700,62,110423
2,12,0,5,25,25,15.58,26,81,6,27,54,3,3,21,299300,24,0
1,1,1,1,20,20,20,23,23,9,16,13,3,6,5,175900,39,0
7,16,5,9,5,5.86,5.25,16,76,15,36,62,5,15,21,99600,35,0
8,25,4,13,10,9.38,6.96,18,121,8,26,67,4,15,27,99300,54,30037
1,6,0,4,17,17,12,18,92,12,27,57,5,5,21,197600,25,52363
1,1,1,1,25,25,25,17,17,11,16,14,5,7,6,175100,34,52363
5,5,4,4,7,5.2,5.2,17,33,7,20,20,4,10,8,105000,45,41897
4,29,4,16,10,14.25,9.76,18,97,14,33,74,6,16,28,95200,25,0
2,14,0,7,10,10,7.64,20,126,12,32,68,5,5,28,81800,24,32221
3,3,2,2,10,8.33,8.33,18,24,12,22,20,6,11,9,128100,46,49330
6,11,2,4,7,7.67,6.36,15,102,14,34,53,6,15,22,124800,0,54567
4,34,1,12,9,8,6.15,17,124,22,38,108,5,12,29,324700,39,66882
2,14,0,10,15,15,8.11,19,128,11,30,67,4,4,28,259800,54,64579
1,2,1,2,17,17,16,20,41,10,28,33,4,12,12,269200,54,64579
2,3,0,0,15,10,8.67,26,32,8,21,21,4,4,9,65700,46,25782
4,25,4,16,5,7,5.3,18,130,11,25,74,5,13,32,187800,25,56053
1,7,1,3,15,15,6.71,24,122,5,15,27,2,5,8,87700,43,0
3,29,2,11,8,10,9.52,8,90,25,42,87,6,15,26,224700,33,60886
5,36,4,18,6,14.4,12.83,15,130,13,33,80,6,17,35,171900,60,41873
4,15,3,9,10,9.5,6.93,16,92,12,31,63,5,13,24,89200,36,0
3,6,2,3,20,16.33,12.17,18,56,13,34,47,6,16,19,117100,26,52649
1,2,1,2,15,15,12.5,22,33,10,25,24,4,10,10,134900,49,49566
2,3,2,2,10,11,10.67,18,24,12,23,22,6,11,9,146800,44,55975
2,2,1,1,25,25,25,26,30,12,27,24,5,12,10,126400,41,54464
2,2,1,1,10,12.5,12.5,15,21,11,18,18,5,8,7,99300,57,0
1,1,1,1,15,15,15,24,24,9,19,18,3,7,6,93300,37,0
8,13,6,8,16,13.63,11.46,16,55,15,35,46,6,17,19,209400,38,65909
4,22,4,14,10,9.75,7.45,11,91,21,42,80,5,15,26,68900,0,0
4,6,3,4,5,6.25,5.83,16,41,15,34,38,6,14,16,136100,40,51105
2,21,1,10,25,25.5,16.67,15,105,13,33,71,6,17,29,96800,28,45579
1,3,0,2,15,15,11.67,18,44,10,28,36,4,4,13,169300,32,56069
2,20,2,4,13,20.5,17.5,4,102,45,65,98,9,18,26,176900,40,68924
3,13,1,8,25,25,19.62,19,124,13,35,76,6,17,32,263100,53,86625
2,3,2,2,10,17.5,15,10,29,21,35,33,8,15,13,279200,35,105652
4,26,3,17,17,15.5,11.19,20,128,13,34,82,6,17,32,153700,25,71424
3,8,1,4,10,11,8.38,16,54,14,33,42,6,15,17,153700,25,71424
3,13,2,8,10,10.67,9.77,6,125,11,24,54,6,14,27,228900,40,95814
3,4,3,4,25,17.33,14.25,24,42,12,32,34,6,16,15,137500,0,0
0,3,0,1,25,0,25,18,42,13,13,36,6,6,16,136500,38,0
7,9,4,6,6,6.29,6,16,45,12,32,38,5,14,15,66800,30,28817
6,10,3,5,10,7.67,6.8,18,76,11,30,48,6,16,21,144400,36,65143
4,4,3,3,15,13,13,20,35,12,30,29,6,15,13,68000,32,0
2,4,2,3,20,14.5,11,17,41,14,32,35,6,14,13,178800,25,0
3,17,3,11,14,14,8.06,20,128,12,28,70,5,13,31,56600,29,0
4,10,3,6,15,15.75,12.3,17,76,13,34,54,6,17,23,123100,33,41423
5,7,3,4,5,6.4,5.71,21,52,12,32,37,6,15,15,149500,48,57086
0,9,0,7,16,0,11.44,27,113,4,4,38,2,2,18,64400,38,28767
2,19,1,10,12,11,14.84,19,111,12,32,77,5,14,31,86900,25,0
7,10,4,6,7,5.57,5.4,19,44,11,33,37,6,17,17,151600,56,43100
3,3,2,2,20,15,15,18,24,14,24,23,6,11,9,98800,36,0
2,6,0,3,15,13,9.17,18,75,11,28,47,4,4,16,60900,42,37500
2,8,0,3,17,16,13,18,57,13,34,49,6,6,20,62500,41,26352
2,6,0,1,25,25,21.67,18,53,13,35,49,6,6,21,95000,0,0
1,16,1,6,20,20,9.38,15,102,12,32,68,5,14,27,60800,17,39073
5,33,3,20,8,8.6,8.82,19,126,14,36,84,6,17,35,63400,36,0
6,11,4,8,6,5.83,5.73,16,45,4,12,17,2,6,8,0,0,0
5,16,3,12,5,5,5.38,17,65,5,13,25,2,6,11,350000,7,70414
4,6,2,3,10,4.75,4.5,21,40,12,30,31,6,14,13,260900,30,72846
5,8,4,7,10,9,8.88,16,56,10,25,37,4,11,14,250600,34,59503
2,3,2,3,20,20,20,20,53,12,29,38,6,14,16,350000,39,41261
2,2,1,1,50,37.5,37.5,18,24,13,24,21,6,11,9,350000,39,41261
1,1,1,1,0,15,15,5,16,11,16,13,4,6,5,225000,31,50485
1,1,1,1,20,20,20,17,17,10,15,13,4,6,5,306300,23,63661
2,6,0,2,18,18,15.83,19,56,13,35,46,6,6,20,278600,27,41886
6,8,4,5,11,10.17,9.5,15,41,13,31,39,6,16,15,64700,53,0
2,2,2,2,20,15,15,24,29,9,22,21,4,10,9,77000,43,49142
5,19,3,13,10,10.8,7.89,17,129,9,26,66,5,15,30,67200,56,0
3,10,3,8,20,20,13.2,25,113,12,33,66,6,16,27,95300,38,69310
1,1,1,1,15,15,15,16,16,11,16,13,4,6,5,45700,48,38349
3,6,2,2,5,7.67,7.17,15,21,35,43,45,6,10,8,70900,42,62685
4,4,2,2,15,7.25,7.25,15,35,10,25,24,4,11,10,59800,39,44007
1,4,0,2,15,15,12.25,19,65,10,24,40,4,4,14,61900,50,0
10,18,7,10,4,9.9,8.33,18,56,14,35,51,6,17,20,73400,34,0
0,21,0,13,15,0,9.24,14,128,30,30,104,4,4,30,66100,20,54729
2,4,0,1,15,15,10,15,42,12,31,30,5,5,13,74000,51,43250
2,4,1,3,16,15,13,21,77,10,24,41,4,9,14,40900,30,43608
3,28,3,16,31,25.67,15.46,24,118,7,22,67,4,14,28,92500,30,0
8,27,6,13,3,3.25,3.43,19,126,7,23,39,4,13,16,21700,31,0
1,3,0,1,15,25,16.67,18,44,12,29,33,6,6,13,37700,39,0
2,3,0,1,20,12.5,15,18,69,10,22,36,4,4,12,85800,40,72238
4,12,2,7,10,9.25,8.33,18,64,13,34,52,6,16,21,74900,45,47713
2,2,1,1,25,25,25,18,32,13,28,25,6,13,11,53200,65,47713
1,7,1,1,20,20,16.86,25,57,9,21,42,4,9,8,74900,45,47713
2,4,1,2,15,12.5,11.25,26,43,10,28,32,4,13,13,75900,54,62389
4,14,2,6,10,11.25,9.07,15,80,13,34,61,6,16,23,80700,40,47863
4,17,4,15,15,14,9.53,25,124,11,31,71,6,17,32,80700,40,47863
3,9,0,4,10,13.33,13.33,15,105,13,30,62,5,5,25,86600,32,76021
2,5,0,1,15,13.5,10.4,23,63,12,28,44,6,6,16,58400,43,38758
3,9,2,5,12,11.33,7.44,18,91,13,32,56,6,15,21,54200,29,49682
4,6,1,2,10,10.5,9,18,44,13,33,37,6,15,15,0,39,0
3,15,2,11,21,16.33,11.53,15,128,13,33,74,6,15,32,92600,36,43004
8,9,3,3,18,15.88,15.78,15,33,29,48,48,7,16,14,70000,36,44295
5,9,4,5,10,7,7.22,16,55,14,35,46,6,16,18,62500,34,40909
9,30,5,9,7,5.78,5.1,11,64,24,46,85,10,21,32,64600,27,40909
8,22,5,14,15,14,10.36,22,105,13,34,73,6,17,28,71600,65,56353
3,16,1,6,10,12,8.31,18,104,8,29,68,4,15,27,0,21,0
1,5,0,4,25,25,9,26,88,9,21,46,4,4,17,43100,36,0
3,3,2,2,20,10,10,25,32,12,29,28,6,14,12,86500,40,50965
1,1,1,1,20,20,20,21,21,8,15,13,3,6,5,82900,6,50965
2,23,0,11,5,3,3.09,6,128,24,42,82,4,4,24,36400,28,42676
3,12,2,7,6,7.33,7.92,18,92,7,18,37,4,10,15,83400,42,51533
4,13,3,8,10,10.75,9.31,20,63,8,29,50,4,15,22,53800,32,0
2,2,1,1,20,16.5,16.5,19,33,10,25,24,4,10,9,44200,59,0
4,8,2,3,7,6.25,5.63,19,40,7,23,26,4,13,12,47000,41,38166
3,3,2,2,17,17.33,17.33,22,34,12,30,29,6,15,13,48000,31,41801
4,12,3,9,15.75,15.19,9.73,17,122,14,36,65,6,17,30,62000,30,48125
3,4,3,4,15,15,12.5,20,41,12,32,37,6,15,15,66100,48,0
3,5,2,4,10,11.67,10,18,64,12,28,43,6,13,16,40400,39,0
2,3,1,2,20,20,15,19,40,12,31,33,6,15,14,38800,45,34129
3,4,3,3,10,13,12.25,15,24,14,24,24,6,11,9,60500,43,43350
7,12,4,8,6,6.29,5.92,15,112,14,35,62,6,16,25,49200,40,34375
3,11,1,8,17,16.33,11.73,15,122,12,33,75,5,15,30,52000,47,33417
3,12,0,7,10,12.33,8.25,18,125,13,30,64,6,6,28,101500,24,35514
5,13,4,8,20,22,19.23,24,53,14,32,48,6,16,20,80300,38,46513
2,7,0,2,22,19,13.43,18,88,13,34,54,6,6,24,71800,34,38523
4,8,4,6,10,8.5,7.63,17,51,14,32,42,6,14,16,45000,32,43182
5,20,4,11,4,4,4.25,16,97,6,19,51,3,10,21,46400,40,50731
4,15,3,7,15,12.5,9.87,18,62,14,35,58,6,17,24,69100,37,0
7,15,4,10,4,4.57,4.53,15,126,11,29,56,5,14,26,61700,41,46160
5,20,3,8,12,10.4,6.73,18,110,8,25,61,4,13,27,72200,40,41391
3,4,2,2,10,8.33,7.75,17,20,16,24,22,6,10,8,137300,17,0
3,15,1,7,14,12.67,9.27,18,103,12,33,68,5,15,28,162700,30,70682
1,8,1,5,25,25,20.88,21,81,13,32,60,6,15,24,136400,24,72614
2,12,2,9,20,20,11.83,24,112,11,31,68,6,16,29,164200,29,73130
4,5,3,4,10,9.5,8.6,16,41,13,31,32,6,14,13,138000,24,63026
8,31,5,20,15,9.38,9.23,9,105,22,43,132,8,18,47,136400,39,66348
1,9,1,8,20,20,17,23,126,10,29,62,4,12,26,107100,26,57601
5,13,3,9,11,10,8.54,17,113,14,34,67,6,16,27,164800,30,79761
2,2,2,2,25,15,15,20,23,13,24,23,6,11,9,124400,34,56036
6,29,5,13,6,6,5.52,4,90,30,52,87,9,20,31,207500,22,69873
1,2,1,2,20,20,20,24,41,9,28,32,4,12,12,98200,37,0
3,8,3,7,20,18.33,12.5,19,113,13,32,57,6,15,26,176100,33,81302
5,25,4,14,10,6.8,6,16,127,12,32,77,5,15,33,180100,26,70032
3,6,1,2,10,9,6.67,17,102,12,25,40,6,12,17,144900,37,70032
4,6,3,4,13,10.25,9,16,40,13,32,33,6,15,14,113300,32,70032
2,13,0,7,10,10,10.46,19,116,13,32,70,5,5,29,119600,37,0
3,5,1,1,16,12,9.2,20,52,12,32,40,6,15,17,142400,39,67652
6,10,5,7,9,8.17,6.7,16,53,13,32,37,6,16,16,232100,27,91065
3,9,2,3,10,11.33,11.56,4,40,29,49,62,7,17,17,237500,0,91065
1,10,0,7,15,15,9.1,18,124,11,29,65,4,4,27,153300,0,67774
4,18,3,9,20,17.5,14,22,126,8,25,57,4,13,22,149300,36,66949
5,12,4,6,20,20.4,20.58,18,79,13,34,58,5,16,23,139000,16,66949
3,6,1,2,15,13.33,9.5,16,67,14,33,48,6,15,19,93600,27,66949
3,5,1,2,25,22,16.4,20,52,13,32,41,6,15,16,84200,12,43942
3,12,1,7,12,10.67,7.25,18,91,13,32,58,6,14,23,132600,32,83415
5,14,5,13,7,4.8,3.64,17,123,12,27,61,5,11,27,154600,35,76422
4,10,2,4,21,20,12.9,18,89,13,31,56,5,13,21,118000,30,0
0,4,0,1,25,0,25,13,45,29,29,60,4,4,13,148900,30,65385
6,35,5,18,10,20.33,13.6,15,129,14,31,83,6,17,32,90400,29,46099
5,15,2,9,5,8.4,6.6,15,125,13,35,68,6,17,29,127500,43,54401
3,3,1,1,20,14,14,18,33,12,31,28,6,15,13,105500,35,54401
5,18,3,7,15,14.8,14.44,17,81,15,34,72,7,16,24,111700,34,60963
3,10,1,6,15,14,9.9,18,93,12,33,61,6,17,26,93500,43,50857
1,6,1,5,15,15,11.67,18,81,10,24,47,4,9,16,94900,31,46710
4,12,2,8,9,7.75,6.17,16,80,12,32,54,6,15,23,280000,45,49394
1,1,1,1,20,20,20,17,17,10,15,14,4,6,5,111300,38,65454
2,3,2,2,10,7.5,6.67,16,21,13,21,19,6,10,8,141300,34,53971
2,7,1,4,5,12.5,8.57,24,76,9,27,47,4,11,17,152100,44,67063
5,6,2,2,15,11.6,10.5,17,40,13,33,35,6,15,14,51000,38,50278
1,6,0,4,23,23,15.33,18,89,13,32,58,6,6,23,97800,42,44928
8,18,2,5,19,19.5,17.33,15,75,14,36,61,6,17,24,88600,44,0
5,8,3,5,10,10,8.5,16,44,15,34,39,6,16,16,92900,36,0
6,19,5,12,7,7,6.37,17,105,12,31,67,5,15,27,146100,70,45848
4,5,3,3,6,7.25,7,18,33,12,27,26,6,13,11,103800,47,60521
3,3,2,2,7,7.67,7.67,15,23,11,20,19,5,9,8,69400,36,0
5,20,4,8,5,6,5.55,5,97,30,45,85,9,17,27,65900,40,36538
11,41,8,23,2,3,2.46,17,121,11,28,63,5,15,30,55800,44,42126
7,28,5,12,5,10.43,7.79,8,112,21,43,83,8,19,33,81700,49,57426
2,11,0,4,15,11.5,6.27,24,105,9,27,55,4,4,22,122200,37,0
4,10,2,7,12,10.5,8.3,19,77,12,33,50,6,16,21,87600,49,51674
2,2,2,2,16,13,13,22,29,10,23,22,4,10,9,120600,30,61422
2,10,1,4,10,10,16.5,26,87,9,29,59,4,13,24,75500,31,56365
4,9,2,6,21,20.5,16,21,56,15,37,50,6,17,20,92500,40,0
2,27,1,5,30,27.5,16.48,4,170,29,49,101,6,15,28,68500,36,46006
4,4,2,2,8,10,10,15,29,13,26,23,6,12,10,69700,26,36281
1,1,0,0,20,20,20,16,16,12,17,14,5,5,6,87600,35,51377
6,14,5,7,25,21.17,16.29,4,65,28,46,68,7,17,20,73200,40,52406
4,28,3,13,14,12.25,8.79,20,125,10,26,93,4,12,26,72700,39,0
4,4,4,4,20,15.25,15.25,17,35,12,30,30,6,15,13,87600,35,64265
2,6,1,3,15,12.5,11.33,15,66,7,19,27,3,7,9,70000,30,47244
2,20,1,11,19,18,12.2,17,120,14,35,80,6,16,32,68400,41,0
6,11,3,5,3,8.83,7.82,16,80,28,45,54,6,14,18,70300,33,46507
5,12,2,7,7,7.4,5.5,15,68,11,29,50,5,14,20,42900,32,44135
3,3,2,2,15,10,10,19,29,14,27,25,6,12,10,74700,32,0
4,5,2,3,7,6.5,5.8,16,41,13,28,27,6,12,11,44600,26,30808
4,14,2,6,11,10,8.57,21,76,13,34,58,6,17,24,91700,40,0
5,14,3,5,15,12.4,8.5,17,63,14,35,58,6,16,21,69800,51,40538
1,1,1,1,25,25,25,20,20,11,17,15,5,8,7,159400,20,0
9,14,5,7,10,8.78,7.71,15,55,13,35,46,6,17,18,115700,32,0
